case,split,tau,ssa,hg_g,sun_zenith_deg,view_zenith_deg,relative_azimuth_deg,surface_albedo_for_delta_join,delta_exact_row_available,samples,seed,max_scatters,batch_samples,target_ci95_halfwidth_brf
ccf_v1_0001,calibration,0,0.999,0.66500000000000004,30,0,0,0,true,262144,5999168895323013141,32,65536,0.0050000000000000001
ccf_v1_0002,calibration,0,0.999,0.66500000000000004,30,40,0,0,true,262144,5999168895323013141,32,65536,0.0050000000000000001
ccf_v1_0003,angular-holdout,0,0.999,0.66500000000000004,30,40,90,0,true,262144,5999168895323013141,32,65536,0.0050000000000000001
ccf_v1_0004,calibration,0,0.999,0.66500000000000004,30,40,180,0,true,262144,5999168895323013141,32,65536,0.0050000000000000001
ccf_v1_0005,calibration,0,0.999,0.66500000000000004,30,65,0,0,true,262144,5999168895323013141,32,65536,0.0050000000000000001
ccf_v1_0006,calibration,0,0.999,0.66500000000000004,30,65,90,0,true,262144,5999168895323013141,32,65536,0.0050000000000000001
ccf_v1_0007,calibration,0,0.999,0.66500000000000004,30,65,180,0,true,262144,5999168895323013141,32,65536,0.0050000000000000001
ccf_v1_0008,angular-holdout,0,0.999,0.66500000000000004,50,0,0,0,true,262144,5999168895323013141,32,65536,0.0050000000000000001
ccf_v1_0009,angular-holdout,0,0.999,0.66500000000000004,50,40,0,0,true,262144,5999168895323013141,32,65536,0.0050000000000000001
ccf_v1_0010,angular-holdout,0,0.999,0.66500000000000004,50,40,90,0,true,262144,5999168895323013141,32,65536,0.0050000000000000001
ccf_v1_0011,angular-holdout,0,0.999,0.66500000000000004,50,40,180,0,true,262144,5999168895323013141,32,65536,0.0050000000000000001
ccf_v1_0012,angular-holdout,0,0.999,0.66500000000000004,50,65,0,0,true,262144,5999168895323013141,32,65536,0.0050000000000000001
ccf_v1_0013,angular-holdout,0,0.999,0.66500000000000004,50,65,90,0,true,262144,5999168895323013141,32,65536,0.0050000000000000001
ccf_v1_0014,angular-holdout,0,0.999,0.66500000000000004,50,65,180,0,true,262144,5999168895323013141,32,65536,0.0050000000000000001
ccf_v1_0015,calibration,0,0.999,0.66500000000000004,65,0,0,0,true,262144,5999168895323013141,32,65536,0.0050000000000000001
ccf_v1_0016,calibration,0,0.999,0.66500000000000004,65,40,0,0,true,262144,5999168895323013141,32,65536,0.0050000000000000001
ccf_v1_0017,angular-holdout,0,0.999,0.66500000000000004,65,40,90,0,true,262144,5999168895323013141,32,65536,0.0050000000000000001
ccf_v1_0018,calibration,0,0.999,0.66500000000000004,65,40,180,0,true,262144,5999168895323013141,32,65536,0.0050000000000000001
ccf_v1_0019,calibration,0,0.999,0.66500000000000004,65,65,0,0,true,262144,5999168895323013141,32,65536,0.0050000000000000001
ccf_v1_0020,calibration,0,0.999,0.66500000000000004,65,65,90,0,true,262144,5999168895323013141,32,65536,0.0050000000000000001
ccf_v1_0021,calibration,0,0.999,0.66500000000000004,65,65,180,0,true,262144,5999168895323013141,32,65536,0.0050000000000000001
ccf_v1_0022,calibration,0,0.999,0.75,30,0,0,0,true,262144,5999168895323013141,32,65536,0.0050000000000000001
ccf_v1_0023,calibration,0,0.999,0.75,30,40,0,0,true,262144,5999168895323013141,32,65536,0.0050000000000000001
ccf_v1_0024,angular-holdout,0,0.999,0.75,30,40,90,0,true,262144,5999168895323013141,32,65536,0.0050000000000000001
ccf_v1_0025,calibration,0,0.999,0.75,30,40,180,0,true,262144,5999168895323013141,32,65536,0.0050000000000000001
ccf_v1_0026,calibration,0,0.999,0.75,30,65,0,0,true,262144,5999168895323013141,32,65536,0.0050000000000000001
ccf_v1_0027,calibration,0,0.999,0.75,30,65,90,0,true,262144,5999168895323013141,32,65536,0.0050000000000000001
ccf_v1_0028,calibration,0,0.999,0.75,30,65,180,0,true,262144,5999168895323013141,32,65536,0.0050000000000000001
ccf_v1_0029,angular-holdout,0,0.999,0.75,50,0,0,0,true,262144,5999168895323013141,32,65536,0.0050000000000000001
ccf_v1_0030,angular-holdout,0,0.999,0.75,50,40,0,0,true,262144,5999168895323013141,32,65536,0.0050000000000000001
ccf_v1_0031,angular-holdout,0,0.999,0.75,50,40,90,0,true,262144,5999168895323013141,32,65536,0.0050000000000000001
ccf_v1_0032,angular-holdout,0,0.999,0.75,50,40,180,0,true,262144,5999168895323013141,32,65536,0.0050000000000000001
ccf_v1_0033,angular-holdout,0,0.999,0.75,50,65,0,0,true,262144,5999168895323013141,32,65536,0.0050000000000000001
ccf_v1_0034,angular-holdout,0,0.999,0.75,50,65,90,0,true,262144,5999168895323013141,32,65536,0.0050000000000000001
ccf_v1_0035,angular-holdout,0,0.999,0.75,50,65,180,0,true,262144,5999168895323013141,32,65536,0.0050000000000000001
ccf_v1_0036,calibration,0,0.999,0.75,65,0,0,0,true,262144,5999168895323013141,32,65536,0.0050000000000000001
ccf_v1_0037,calibration,0,0.999,0.75,65,40,0,0,true,262144,5999168895323013141,32,65536,0.0050000000000000001
ccf_v1_0038,angular-holdout,0,0.999,0.75,65,40,90,0,true,262144,5999168895323013141,32,65536,0.0050000000000000001
ccf_v1_0039,calibration,0,0.999,0.75,65,40,180,0,true,262144,5999168895323013141,32,65536,0.0050000000000000001
ccf_v1_0040,calibration,0,0.999,0.75,65,65,0,0,true,262144,5999168895323013141,32,65536,0.0050000000000000001
ccf_v1_0041,calibration,0,0.999,0.75,65,65,90,0,true,262144,5999168895323013141,32,65536,0.0050000000000000001
ccf_v1_0042,calibration,0,0.999,0.75,65,65,180,0,true,262144,5999168895323013141,32,65536,0.0050000000000000001
ccf_v1_0043,calibration,0,0.999,0.84999999999999998,30,0,0,0,true,262144,5999168895323013141,32,65536,0.0050000000000000001
ccf_v1_0044,calibration,0,0.999,0.84999999999999998,30,40,0,0,true,262144,5999168895323013141,32,65536,0.0050000000000000001
ccf_v1_0045,angular-holdout,0,0.999,0.84999999999999998,30,40,90,0,true,262144,5999168895323013141,32,65536,0.0050000000000000001
ccf_v1_0046,calibration,0,0.999,0.84999999999999998,30,40,180,0,true,262144,5999168895323013141,32,65536,0.0050000000000000001
ccf_v1_0047,calibration,0,0.999,0.84999999999999998,30,65,0,0,true,262144,5999168895323013141,32,65536,0.0050000000000000001
ccf_v1_0048,calibration,0,0.999,0.84999999999999998,30,65,90,0,true,262144,5999168895323013141,32,65536,0.0050000000000000001
ccf_v1_0049,calibration,0,0.999,0.84999999999999998,30,65,180,0,true,262144,5999168895323013141,32,65536,0.0050000000000000001
ccf_v1_0050,angular-holdout,0,0.999,0.84999999999999998,50,0,0,0,true,262144,5999168895323013141,32,65536,0.0050000000000000001
ccf_v1_0051,angular-holdout,0,0.999,0.84999999999999998,50,40,0,0,true,262144,5999168895323013141,32,65536,0.0050000000000000001
ccf_v1_0052,angular-holdout,0,0.999,0.84999999999999998,50,40,90,0,true,262144,5999168895323013141,32,65536,0.0050000000000000001
ccf_v1_0053,angular-holdout,0,0.999,0.84999999999999998,50,40,180,0,true,262144,5999168895323013141,32,65536,0.0050000000000000001
ccf_v1_0054,angular-holdout,0,0.999,0.84999999999999998,50,65,0,0,true,262144,5999168895323013141,32,65536,0.0050000000000000001
ccf_v1_0055,angular-holdout,0,0.999,0.84999999999999998,50,65,90,0,true,262144,5999168895323013141,32,65536,0.0050000000000000001
ccf_v1_0056,angular-holdout,0,0.999,0.84999999999999998,50,65,180,0,true,262144,5999168895323013141,32,65536,0.0050000000000000001
ccf_v1_0057,calibration,0,0.999,0.84999999999999998,65,0,0,0,true,262144,5999168895323013141,32,65536,0.0050000000000000001
ccf_v1_0058,calibration,0,0.999,0.84999999999999998,65,40,0,0,true,262144,5999168895323013141,32,65536,0.0050000000000000001
ccf_v1_0059,angular-holdout,0,0.999,0.84999999999999998,65,40,90,0,true,262144,5999168895323013141,32,65536,0.0050000000000000001
ccf_v1_0060,calibration,0,0.999,0.84999999999999998,65,40,180,0,true,262144,5999168895323013141,32,65536,0.0050000000000000001
ccf_v1_0061,calibration,0,0.999,0.84999999999999998,65,65,0,0,true,262144,5999168895323013141,32,65536,0.0050000000000000001
ccf_v1_0062,calibration,0,0.999,0.84999999999999998,65,65,90,0,true,262144,5999168895323013141,32,65536,0.0050000000000000001
ccf_v1_0063,calibration,0,0.999,0.84999999999999998,65,65,180,0,true,262144,5999168895323013141,32,65536,0.0050000000000000001
ccf_v1_0064,calibration,0.01,0.999,0.66500000000000004,30,0,0,0,true,4194304,5999168895323013141,64,65536,0.0050000000000000001
ccf_v1_0065,calibration,0.01,0.999,0.66500000000000004,30,40,0,0,true,4194304,5999168895323013141,64,65536,0.0050000000000000001
ccf_v1_0066,angular-holdout,0.01,0.999,0.66500000000000004,30,40,90,0,true,4194304,5999168895323013141,64,65536,0.0050000000000000001
ccf_v1_0067,calibration,0.01,0.999,0.66500000000000004,30,40,180,0,true,4194304,5999168895323013141,64,65536,0.0050000000000000001
ccf_v1_0068,calibration,0.01,0.999,0.66500000000000004,30,65,0,0,true,4194304,5999168895323013141,64,65536,0.0050000000000000001
ccf_v1_0069,calibration,0.01,0.999,0.66500000000000004,30,65,90,0,true,4194304,5999168895323013141,64,65536,0.0050000000000000001
ccf_v1_0070,calibration,0.01,0.999,0.66500000000000004,30,65,180,0,true,4194304,5999168895323013141,64,65536,0.0050000000000000001
ccf_v1_0071,angular-holdout,0.01,0.999,0.66500000000000004,50,0,0,0,true,4194304,5999168895323013141,64,65536,0.0050000000000000001
ccf_v1_0072,angular-holdout,0.01,0.999,0.66500000000000004,50,40,0,0,true,4194304,5999168895323013141,64,65536,0.0050000000000000001
ccf_v1_0073,angular-holdout,0.01,0.999,0.66500000000000004,50,40,90,0,true,4194304,5999168895323013141,64,65536,0.0050000000000000001
ccf_v1_0074,angular-holdout,0.01,0.999,0.66500000000000004,50,40,180,0,true,4194304,5999168895323013141,64,65536,0.0050000000000000001
ccf_v1_0075,angular-holdout,0.01,0.999,0.66500000000000004,50,65,0,0,true,4194304,5999168895323013141,64,65536,0.0050000000000000001
ccf_v1_0076,angular-holdout,0.01,0.999,0.66500000000000004,50,65,90,0,true,4194304,5999168895323013141,64,65536,0.0050000000000000001
ccf_v1_0077,angular-holdout,0.01,0.999,0.66500000000000004,50,65,180,0,true,4194304,5999168895323013141,64,65536,0.0050000000000000001
ccf_v1_0078,calibration,0.01,0.999,0.66500000000000004,65,0,0,0,true,4194304,5999168895323013141,64,65536,0.0050000000000000001
ccf_v1_0079,calibration,0.01,0.999,0.66500000000000004,65,40,0,0,true,4194304,5999168895323013141,64,65536,0.0050000000000000001
ccf_v1_0080,angular-holdout,0.01,0.999,0.66500000000000004,65,40,90,0,true,4194304,5999168895323013141,64,65536,0.0050000000000000001
ccf_v1_0081,calibration,0.01,0.999,0.66500000000000004,65,40,180,0,true,4194304,5999168895323013141,64,65536,0.0050000000000000001
ccf_v1_0082,calibration,0.01,0.999,0.66500000000000004,65,65,0,0,true,4194304,5999168895323013141,64,65536,0.0050000000000000001
ccf_v1_0083,calibration,0.01,0.999,0.66500000000000004,65,65,90,0,true,4194304,5999168895323013141,64,65536,0.0050000000000000001
ccf_v1_0084,calibration,0.01,0.999,0.66500000000000004,65,65,180,0,true,4194304,5999168895323013141,64,65536,0.0050000000000000001
ccf_v1_0085,calibration,0.01,0.999,0.75,30,0,0,0,true,4194304,5999168895323013141,64,65536,0.0050000000000000001
ccf_v1_0086,calibration,0.01,0.999,0.75,30,40,0,0,true,4194304,5999168895323013141,64,65536,0.0050000000000000001
ccf_v1_0087,angular-holdout,0.01,0.999,0.75,30,40,90,0,true,4194304,5999168895323013141,64,65536,0.0050000000000000001
ccf_v1_0088,calibration,0.01,0.999,0.75,30,40,180,0,true,4194304,5999168895323013141,64,65536,0.0050000000000000001
ccf_v1_0089,calibration,0.01,0.999,0.75,30,65,0,0,true,4194304,5999168895323013141,64,65536,0.0050000000000000001
ccf_v1_0090,calibration,0.01,0.999,0.75,30,65,90,0,true,4194304,5999168895323013141,64,65536,0.0050000000000000001
ccf_v1_0091,calibration,0.01,0.999,0.75,30,65,180,0,true,4194304,5999168895323013141,64,65536,0.0050000000000000001
ccf_v1_0092,angular-holdout,0.01,0.999,0.75,50,0,0,0,true,4194304,5999168895323013141,64,65536,0.0050000000000000001
ccf_v1_0093,angular-holdout,0.01,0.999,0.75,50,40,0,0,true,4194304,5999168895323013141,64,65536,0.0050000000000000001
ccf_v1_0094,angular-holdout,0.01,0.999,0.75,50,40,90,0,true,4194304,5999168895323013141,64,65536,0.0050000000000000001
ccf_v1_0095,angular-holdout,0.01,0.999,0.75,50,40,180,0,true,4194304,5999168895323013141,64,65536,0.0050000000000000001
ccf_v1_0096,angular-holdout,0.01,0.999,0.75,50,65,0,0,true,4194304,5999168895323013141,64,65536,0.0050000000000000001
ccf_v1_0097,angular-holdout,0.01,0.999,0.75,50,65,90,0,true,4194304,5999168895323013141,64,65536,0.0050000000000000001
ccf_v1_0098,angular-holdout,0.01,0.999,0.75,50,65,180,0,true,4194304,5999168895323013141,64,65536,0.0050000000000000001
ccf_v1_0099,calibration,0.01,0.999,0.75,65,0,0,0,true,4194304,5999168895323013141,64,65536,0.0050000000000000001
ccf_v1_0100,calibration,0.01,0.999,0.75,65,40,0,0,true,4194304,5999168895323013141,64,65536,0.0050000000000000001
ccf_v1_0101,angular-holdout,0.01,0.999,0.75,65,40,90,0,true,4194304,5999168895323013141,64,65536,0.0050000000000000001
ccf_v1_0102,calibration,0.01,0.999,0.75,65,40,180,0,true,4194304,5999168895323013141,64,65536,0.0050000000000000001
ccf_v1_0103,calibration,0.01,0.999,0.75,65,65,0,0,true,4194304,5999168895323013141,64,65536,0.0050000000000000001
ccf_v1_0104,calibration,0.01,0.999,0.75,65,65,90,0,true,4194304,5999168895323013141,64,65536,0.0050000000000000001
ccf_v1_0105,calibration,0.01,0.999,0.75,65,65,180,0,true,4194304,5999168895323013141,64,65536,0.0050000000000000001
ccf_v1_0106,calibration,0.01,0.999,0.84999999999999998,30,0,0,0,true,4194304,5999168895323013141,64,65536,0.0050000000000000001
ccf_v1_0107,calibration,0.01,0.999,0.84999999999999998,30,40,0,0,true,4194304,5999168895323013141,64,65536,0.0050000000000000001
ccf_v1_0108,angular-holdout,0.01,0.999,0.84999999999999998,30,40,90,0,true,4194304,5999168895323013141,64,65536,0.0050000000000000001
ccf_v1_0109,calibration,0.01,0.999,0.84999999999999998,30,40,180,0,true,4194304,5999168895323013141,64,65536,0.0050000000000000001
ccf_v1_0110,calibration,0.01,0.999,0.84999999999999998,30,65,0,0,true,4194304,5999168895323013141,64,65536,0.0050000000000000001
ccf_v1_0111,calibration,0.01,0.999,0.84999999999999998,30,65,90,0,true,4194304,5999168895323013141,64,65536,0.0050000000000000001
ccf_v1_0112,calibration,0.01,0.999,0.84999999999999998,30,65,180,0,true,4194304,5999168895323013141,64,65536,0.0050000000000000001
ccf_v1_0113,angular-holdout,0.01,0.999,0.84999999999999998,50,0,0,0,true,4194304,5999168895323013141,64,65536,0.0050000000000000001
ccf_v1_0114,angular-holdout,0.01,0.999,0.84999999999999998,50,40,0,0,true,4194304,5999168895323013141,64,65536,0.0050000000000000001
ccf_v1_0115,angular-holdout,0.01,0.999,0.84999999999999998,50,40,90,0,true,4194304,5999168895323013141,64,65536,0.0050000000000000001
ccf_v1_0116,angular-holdout,0.01,0.999,0.84999999999999998,50,40,180,0,true,4194304,5999168895323013141,64,65536,0.0050000000000000001
ccf_v1_0117,angular-holdout,0.01,0.999,0.84999999999999998,50,65,0,0,true,4194304,5999168895323013141,64,65536,0.0050000000000000001
ccf_v1_0118,angular-holdout,0.01,0.999,0.84999999999999998,50,65,90,0,true,4194304,5999168895323013141,64,65536,0.0050000000000000001
ccf_v1_0119,angular-holdout,0.01,0.999,0.84999999999999998,50,65,180,0,true,4194304,5999168895323013141,64,65536,0.0050000000000000001
ccf_v1_0120,calibration,0.01,0.999,0.84999999999999998,65,0,0,0,true,4194304,5999168895323013141,64,65536,0.0050000000000000001
ccf_v1_0121,calibration,0.01,0.999,0.84999999999999998,65,40,0,0,true,4194304,5999168895323013141,64,65536,0.0050000000000000001
ccf_v1_0122,angular-holdout,0.01,0.999,0.84999999999999998,65,40,90,0,true,4194304,5999168895323013141,64,65536,0.0050000000000000001
ccf_v1_0123,calibration,0.01,0.999,0.84999999999999998,65,40,180,0,true,4194304,5999168895323013141,64,65536,0.0050000000000000001
ccf_v1_0124,calibration,0.01,0.999,0.84999999999999998,65,65,0,0,true,4194304,5999168895323013141,64,65536,0.0050000000000000001
ccf_v1_0125,calibration,0.01,0.999,0.84999999999999998,65,65,90,0,true,4194304,5999168895323013141,64,65536,0.0050000000000000001
ccf_v1_0126,calibration,0.01,0.999,0.84999999999999998,65,65,180,0,true,4194304,5999168895323013141,64,65536,0.0050000000000000001
ccf_v1_0127,calibration,0.029999999999999999,0.999,0.66500000000000004,30,0,0,0,true,4194304,5999168895323013141,64,65536,0.0050000000000000001
ccf_v1_0128,calibration,0.029999999999999999,0.999,0.66500000000000004,30,40,0,0,true,4194304,5999168895323013141,64,65536,0.0050000000000000001
ccf_v1_0129,angular-holdout,0.029999999999999999,0.999,0.66500000000000004,30,40,90,0,true,4194304,5999168895323013141,64,65536,0.0050000000000000001
ccf_v1_0130,calibration,0.029999999999999999,0.999,0.66500000000000004,30,40,180,0,true,4194304,5999168895323013141,64,65536,0.0050000000000000001
ccf_v1_0131,calibration,0.029999999999999999,0.999,0.66500000000000004,30,65,0,0,true,4194304,5999168895323013141,64,65536,0.0050000000000000001
ccf_v1_0132,calibration,0.029999999999999999,0.999,0.66500000000000004,30,65,90,0,true,4194304,5999168895323013141,64,65536,0.0050000000000000001
ccf_v1_0133,calibration,0.029999999999999999,0.999,0.66500000000000004,30,65,180,0,true,4194304,5999168895323013141,64,65536,0.0050000000000000001
ccf_v1_0134,angular-holdout,0.029999999999999999,0.999,0.66500000000000004,50,0,0,0,true,4194304,5999168895323013141,64,65536,0.0050000000000000001
ccf_v1_0135,angular-holdout,0.029999999999999999,0.999,0.66500000000000004,50,40,0,0,true,4194304,5999168895323013141,64,65536,0.0050000000000000001
ccf_v1_0136,angular-holdout,0.029999999999999999,0.999,0.66500000000000004,50,40,90,0,true,4194304,5999168895323013141,64,65536,0.0050000000000000001
ccf_v1_0137,angular-holdout,0.029999999999999999,0.999,0.66500000000000004,50,40,180,0,true,4194304,5999168895323013141,64,65536,0.0050000000000000001
ccf_v1_0138,angular-holdout,0.029999999999999999,0.999,0.66500000000000004,50,65,0,0,true,4194304,5999168895323013141,64,65536,0.0050000000000000001
ccf_v1_0139,angular-holdout,0.029999999999999999,0.999,0.66500000000000004,50,65,90,0,true,4194304,5999168895323013141,64,65536,0.0050000000000000001
ccf_v1_0140,angular-holdout,0.029999999999999999,0.999,0.66500000000000004,50,65,180,0,true,4194304,5999168895323013141,64,65536,0.0050000000000000001
ccf_v1_0141,calibration,0.029999999999999999,0.999,0.66500000000000004,65,0,0,0,true,4194304,5999168895323013141,64,65536,0.0050000000000000001
ccf_v1_0142,calibration,0.029999999999999999,0.999,0.66500000000000004,65,40,0,0,true,4194304,5999168895323013141,64,65536,0.0050000000000000001
ccf_v1_0143,angular-holdout,0.029999999999999999,0.999,0.66500000000000004,65,40,90,0,true,4194304,5999168895323013141,64,65536,0.0050000000000000001
ccf_v1_0144,calibration,0.029999999999999999,0.999,0.66500000000000004,65,40,180,0,true,4194304,5999168895323013141,64,65536,0.0050000000000000001
ccf_v1_0145,calibration,0.029999999999999999,0.999,0.66500000000000004,65,65,0,0,true,4194304,5999168895323013141,64,65536,0.0050000000000000001
ccf_v1_0146,calibration,0.029999999999999999,0.999,0.66500000000000004,65,65,90,0,true,4194304,5999168895323013141,64,65536,0.0050000000000000001
ccf_v1_0147,calibration,0.029999999999999999,0.999,0.66500000000000004,65,65,180,0,true,4194304,5999168895323013141,64,65536,0.0050000000000000001
ccf_v1_0148,calibration,0.029999999999999999,0.999,0.75,30,0,0,0,true,4194304,5999168895323013141,64,65536,0.0050000000000000001
ccf_v1_0149,calibration,0.029999999999999999,0.999,0.75,30,40,0,0,true,4194304,5999168895323013141,64,65536,0.0050000000000000001
ccf_v1_0150,angular-holdout,0.029999999999999999,0.999,0.75,30,40,90,0,true,4194304,5999168895323013141,64,65536,0.0050000000000000001
ccf_v1_0151,calibration,0.029999999999999999,0.999,0.75,30,40,180,0,true,4194304,5999168895323013141,64,65536,0.0050000000000000001
ccf_v1_0152,calibration,0.029999999999999999,0.999,0.75,30,65,0,0,true,4194304,5999168895323013141,64,65536,0.0050000000000000001
ccf_v1_0153,calibration,0.029999999999999999,0.999,0.75,30,65,90,0,true,4194304,5999168895323013141,64,65536,0.0050000000000000001
ccf_v1_0154,calibration,0.029999999999999999,0.999,0.75,30,65,180,0,true,4194304,5999168895323013141,64,65536,0.0050000000000000001
ccf_v1_0155,angular-holdout,0.029999999999999999,0.999,0.75,50,0,0,0,true,4194304,5999168895323013141,64,65536,0.0050000000000000001
ccf_v1_0156,angular-holdout,0.029999999999999999,0.999,0.75,50,40,0,0,true,4194304,5999168895323013141,64,65536,0.0050000000000000001
ccf_v1_0157,angular-holdout,0.029999999999999999,0.999,0.75,50,40,90,0,true,4194304,5999168895323013141,64,65536,0.0050000000000000001
ccf_v1_0158,angular-holdout,0.029999999999999999,0.999,0.75,50,40,180,0,true,4194304,5999168895323013141,64,65536,0.0050000000000000001
ccf_v1_0159,angular-holdout,0.029999999999999999,0.999,0.75,50,65,0,0,true,4194304,5999168895323013141,64,65536,0.0050000000000000001
ccf_v1_0160,angular-holdout,0.029999999999999999,0.999,0.75,50,65,90,0,true,4194304,5999168895323013141,64,65536,0.0050000000000000001
ccf_v1_0161,angular-holdout,0.029999999999999999,0.999,0.75,50,65,180,0,true,4194304,5999168895323013141,64,65536,0.0050000000000000001
ccf_v1_0162,calibration,0.029999999999999999,0.999,0.75,65,0,0,0,true,4194304,5999168895323013141,64,65536,0.0050000000000000001
ccf_v1_0163,calibration,0.029999999999999999,0.999,0.75,65,40,0,0,true,4194304,5999168895323013141,64,65536,0.0050000000000000001
ccf_v1_0164,angular-holdout,0.029999999999999999,0.999,0.75,65,40,90,0,true,4194304,5999168895323013141,64,65536,0.0050000000000000001
ccf_v1_0165,calibration,0.029999999999999999,0.999,0.75,65,40,180,0,true,4194304,5999168895323013141,64,65536,0.0050000000000000001
ccf_v1_0166,calibration,0.029999999999999999,0.999,0.75,65,65,0,0,true,4194304,5999168895323013141,64,65536,0.0050000000000000001
ccf_v1_0167,calibration,0.029999999999999999,0.999,0.75,65,65,90,0,true,4194304,5999168895323013141,64,65536,0.0050000000000000001
ccf_v1_0168,calibration,0.029999999999999999,0.999,0.75,65,65,180,0,true,4194304,5999168895323013141,64,65536,0.0050000000000000001
ccf_v1_0169,calibration,0.029999999999999999,0.999,0.84999999999999998,30,0,0,0,true,4194304,5999168895323013141,64,65536,0.0050000000000000001
ccf_v1_0170,calibration,0.029999999999999999,0.999,0.84999999999999998,30,40,0,0,true,4194304,5999168895323013141,64,65536,0.0050000000000000001
ccf_v1_0171,angular-holdout,0.029999999999999999,0.999,0.84999999999999998,30,40,90,0,true,4194304,5999168895323013141,64,65536,0.0050000000000000001
ccf_v1_0172,calibration,0.029999999999999999,0.999,0.84999999999999998,30,40,180,0,true,4194304,5999168895323013141,64,65536,0.0050000000000000001
ccf_v1_0173,calibration,0.029999999999999999,0.999,0.84999999999999998,30,65,0,0,true,4194304,5999168895323013141,64,65536,0.0050000000000000001
ccf_v1_0174,calibration,0.029999999999999999,0.999,0.84999999999999998,30,65,90,0,true,4194304,5999168895323013141,64,65536,0.0050000000000000001
ccf_v1_0175,calibration,0.029999999999999999,0.999,0.84999999999999998,30,65,180,0,true,4194304,5999168895323013141,64,65536,0.0050000000000000001
ccf_v1_0176,angular-holdout,0.029999999999999999,0.999,0.84999999999999998,50,0,0,0,true,4194304,5999168895323013141,64,65536,0.0050000000000000001
ccf_v1_0177,angular-holdout,0.029999999999999999,0.999,0.84999999999999998,50,40,0,0,true,4194304,5999168895323013141,64,65536,0.0050000000000000001
ccf_v1_0178,angular-holdout,0.029999999999999999,0.999,0.84999999999999998,50,40,90,0,true,4194304,5999168895323013141,64,65536,0.0050000000000000001
ccf_v1_0179,angular-holdout,0.029999999999999999,0.999,0.84999999999999998,50,40,180,0,true,4194304,5999168895323013141,64,65536,0.0050000000000000001
ccf_v1_0180,angular-holdout,0.029999999999999999,0.999,0.84999999999999998,50,65,0,0,true,4194304,5999168895323013141,64,65536,0.0050000000000000001
ccf_v1_0181,angular-holdout,0.029999999999999999,0.999,0.84999999999999998,50,65,90,0,true,4194304,5999168895323013141,64,65536,0.0050000000000000001
ccf_v1_0182,angular-holdout,0.029999999999999999,0.999,0.84999999999999998,50,65,180,0,true,4194304,5999168895323013141,64,65536,0.0050000000000000001
ccf_v1_0183,calibration,0.029999999999999999,0.999,0.84999999999999998,65,0,0,0,true,4194304,5999168895323013141,64,65536,0.0050000000000000001
ccf_v1_0184,calibration,0.029999999999999999,0.999,0.84999999999999998,65,40,0,0,true,4194304,5999168895323013141,64,65536,0.0050000000000000001
ccf_v1_0185,angular-holdout,0.029999999999999999,0.999,0.84999999999999998,65,40,90,0,true,4194304,5999168895323013141,64,65536,0.0050000000000000001
ccf_v1_0186,calibration,0.029999999999999999,0.999,0.84999999999999998,65,40,180,0,true,4194304,5999168895323013141,64,65536,0.0050000000000000001
ccf_v1_0187,calibration,0.029999999999999999,0.999,0.84999999999999998,65,65,0,0,true,4194304,5999168895323013141,64,65536,0.0050000000000000001
ccf_v1_0188,calibration,0.029999999999999999,0.999,0.84999999999999998,65,65,90,0,true,4194304,5999168895323013141,64,65536,0.0050000000000000001
ccf_v1_0189,calibration,0.029999999999999999,0.999,0.84999999999999998,65,65,180,0,true,4194304,5999168895323013141,64,65536,0.0050000000000000001
ccf_v1_0190,calibration,0.10000000000000001,0.999,0.66500000000000004,30,0,0,0,true,4194304,5999168895323013141,64,65536,0.0050000000000000001
ccf_v1_0191,calibration,0.10000000000000001,0.999,0.66500000000000004,30,40,0,0,true,4194304,5999168895323013141,64,65536,0.0050000000000000001
ccf_v1_0192,angular-holdout,0.10000000000000001,0.999,0.66500000000000004,30,40,90,0,true,4194304,5999168895323013141,64,65536,0.0050000000000000001
ccf_v1_0193,calibration,0.10000000000000001,0.999,0.66500000000000004,30,40,180,0,true,4194304,5999168895323013141,64,65536,0.0050000000000000001
ccf_v1_0194,calibration,0.10000000000000001,0.999,0.66500000000000004,30,65,0,0,true,4194304,5999168895323013141,64,65536,0.0050000000000000001
ccf_v1_0195,calibration,0.10000000000000001,0.999,0.66500000000000004,30,65,90,0,true,4194304,5999168895323013141,64,65536,0.0050000000000000001
ccf_v1_0196,calibration,0.10000000000000001,0.999,0.66500000000000004,30,65,180,0,true,4194304,5999168895323013141,64,65536,0.0050000000000000001
ccf_v1_0197,angular-holdout,0.10000000000000001,0.999,0.66500000000000004,50,0,0,0,true,4194304,5999168895323013141,64,65536,0.0050000000000000001
ccf_v1_0198,angular-holdout,0.10000000000000001,0.999,0.66500000000000004,50,40,0,0,true,4194304,5999168895323013141,64,65536,0.0050000000000000001
ccf_v1_0199,angular-holdout,0.10000000000000001,0.999,0.66500000000000004,50,40,90,0,true,4194304,5999168895323013141,64,65536,0.0050000000000000001
ccf_v1_0200,angular-holdout,0.10000000000000001,0.999,0.66500000000000004,50,40,180,0,true,4194304,5999168895323013141,64,65536,0.0050000000000000001
ccf_v1_0201,angular-holdout,0.10000000000000001,0.999,0.66500000000000004,50,65,0,0,true,4194304,5999168895323013141,64,65536,0.0050000000000000001
ccf_v1_0202,angular-holdout,0.10000000000000001,0.999,0.66500000000000004,50,65,90,0,true,4194304,5999168895323013141,64,65536,0.0050000000000000001
ccf_v1_0203,angular-holdout,0.10000000000000001,0.999,0.66500000000000004,50,65,180,0,true,4194304,5999168895323013141,64,65536,0.0050000000000000001
ccf_v1_0204,calibration,0.10000000000000001,0.999,0.66500000000000004,65,0,0,0,true,4194304,5999168895323013141,64,65536,0.0050000000000000001
ccf_v1_0205,calibration,0.10000000000000001,0.999,0.66500000000000004,65,40,0,0,true,4194304,5999168895323013141,64,65536,0.0050000000000000001
ccf_v1_0206,angular-holdout,0.10000000000000001,0.999,0.66500000000000004,65,40,90,0,true,4194304,5999168895323013141,64,65536,0.0050000000000000001
ccf_v1_0207,calibration,0.10000000000000001,0.999,0.66500000000000004,65,40,180,0,true,4194304,5999168895323013141,64,65536,0.0050000000000000001
ccf_v1_0208,calibration,0.10000000000000001,0.999,0.66500000000000004,65,65,0,0,true,4194304,5999168895323013141,64,65536,0.0050000000000000001
ccf_v1_0209,calibration,0.10000000000000001,0.999,0.66500000000000004,65,65,90,0,true,4194304,5999168895323013141,64,65536,0.0050000000000000001
ccf_v1_0210,calibration,0.10000000000000001,0.999,0.66500000000000004,65,65,180,0,true,4194304,5999168895323013141,64,65536,0.0050000000000000001
ccf_v1_0211,calibration,0.10000000000000001,0.999,0.75,30,0,0,0,true,4194304,5999168895323013141,64,65536,0.0050000000000000001
ccf_v1_0212,calibration,0.10000000000000001,0.999,0.75,30,40,0,0,true,4194304,5999168895323013141,64,65536,0.0050000000000000001
ccf_v1_0213,angular-holdout,0.10000000000000001,0.999,0.75,30,40,90,0,true,4194304,5999168895323013141,64,65536,0.0050000000000000001
ccf_v1_0214,calibration,0.10000000000000001,0.999,0.75,30,40,180,0,true,4194304,5999168895323013141,64,65536,0.0050000000000000001
ccf_v1_0215,calibration,0.10000000000000001,0.999,0.75,30,65,0,0,true,4194304,5999168895323013141,64,65536,0.0050000000000000001
ccf_v1_0216,calibration,0.10000000000000001,0.999,0.75,30,65,90,0,true,4194304,5999168895323013141,64,65536,0.0050000000000000001
ccf_v1_0217,calibration,0.10000000000000001,0.999,0.75,30,65,180,0,true,4194304,5999168895323013141,64,65536,0.0050000000000000001
ccf_v1_0218,angular-holdout,0.10000000000000001,0.999,0.75,50,0,0,0,true,4194304,5999168895323013141,64,65536,0.0050000000000000001
ccf_v1_0219,angular-holdout,0.10000000000000001,0.999,0.75,50,40,0,0,true,4194304,5999168895323013141,64,65536,0.0050000000000000001
ccf_v1_0220,angular-holdout,0.10000000000000001,0.999,0.75,50,40,90,0,true,4194304,5999168895323013141,64,65536,0.0050000000000000001
ccf_v1_0221,angular-holdout,0.10000000000000001,0.999,0.75,50,40,180,0,true,4194304,5999168895323013141,64,65536,0.0050000000000000001
ccf_v1_0222,angular-holdout,0.10000000000000001,0.999,0.75,50,65,0,0,true,4194304,5999168895323013141,64,65536,0.0050000000000000001
ccf_v1_0223,angular-holdout,0.10000000000000001,0.999,0.75,50,65,90,0,true,4194304,5999168895323013141,64,65536,0.0050000000000000001
ccf_v1_0224,angular-holdout,0.10000000000000001,0.999,0.75,50,65,180,0,true,4194304,5999168895323013141,64,65536,0.0050000000000000001
ccf_v1_0225,calibration,0.10000000000000001,0.999,0.75,65,0,0,0,true,4194304,5999168895323013141,64,65536,0.0050000000000000001
ccf_v1_0226,calibration,0.10000000000000001,0.999,0.75,65,40,0,0,true,4194304,5999168895323013141,64,65536,0.0050000000000000001
ccf_v1_0227,angular-holdout,0.10000000000000001,0.999,0.75,65,40,90,0,true,4194304,5999168895323013141,64,65536,0.0050000000000000001
ccf_v1_0228,calibration,0.10000000000000001,0.999,0.75,65,40,180,0,true,4194304,5999168895323013141,64,65536,0.0050000000000000001
ccf_v1_0229,calibration,0.10000000000000001,0.999,0.75,65,65,0,0,true,4194304,5999168895323013141,64,65536,0.0050000000000000001
ccf_v1_0230,calibration,0.10000000000000001,0.999,0.75,65,65,90,0,true,4194304,5999168895323013141,64,65536,0.0050000000000000001
ccf_v1_0231,calibration,0.10000000000000001,0.999,0.75,65,65,180,0,true,4194304,5999168895323013141,64,65536,0.0050000000000000001
ccf_v1_0232,calibration,0.10000000000000001,0.999,0.84999999999999998,30,0,0,0,true,4194304,5999168895323013141,64,65536,0.0050000000000000001
ccf_v1_0233,calibration,0.10000000000000001,0.999,0.84999999999999998,30,40,0,0,true,4194304,5999168895323013141,64,65536,0.0050000000000000001
ccf_v1_0234,angular-holdout,0.10000000000000001,0.999,0.84999999999999998,30,40,90,0,true,4194304,5999168895323013141,64,65536,0.0050000000000000001
ccf_v1_0235,calibration,0.10000000000000001,0.999,0.84999999999999998,30,40,180,0,true,4194304,5999168895323013141,64,65536,0.0050000000000000001
ccf_v1_0236,calibration,0.10000000000000001,0.999,0.84999999999999998,30,65,0,0,true,4194304,5999168895323013141,64,65536,0.0050000000000000001
ccf_v1_0237,calibration,0.10000000000000001,0.999,0.84999999999999998,30,65,90,0,true,4194304,5999168895323013141,64,65536,0.0050000000000000001
ccf_v1_0238,calibration,0.10000000000000001,0.999,0.84999999999999998,30,65,180,0,true,4194304,5999168895323013141,64,65536,0.0050000000000000001
ccf_v1_0239,angular-holdout,0.10000000000000001,0.999,0.84999999999999998,50,0,0,0,true,4194304,5999168895323013141,64,65536,0.0050000000000000001
ccf_v1_0240,angular-holdout,0.10000000000000001,0.999,0.84999999999999998,50,40,0,0,true,4194304,5999168895323013141,64,65536,0.0050000000000000001
ccf_v1_0241,angular-holdout,0.10000000000000001,0.999,0.84999999999999998,50,40,90,0,true,4194304,5999168895323013141,64,65536,0.0050000000000000001
ccf_v1_0242,angular-holdout,0.10000000000000001,0.999,0.84999999999999998,50,40,180,0,true,4194304,5999168895323013141,64,65536,0.0050000000000000001
ccf_v1_0243,angular-holdout,0.10000000000000001,0.999,0.84999999999999998,50,65,0,0,true,4194304,5999168895323013141,64,65536,0.0050000000000000001
ccf_v1_0244,angular-holdout,0.10000000000000001,0.999,0.84999999999999998,50,65,90,0,true,4194304,5999168895323013141,64,65536,0.0050000000000000001
ccf_v1_0245,angular-holdout,0.10000000000000001,0.999,0.84999999999999998,50,65,180,0,true,4194304,5999168895323013141,64,65536,0.0050000000000000001
ccf_v1_0246,calibration,0.10000000000000001,0.999,0.84999999999999998,65,0,0,0,true,4194304,5999168895323013141,64,65536,0.0050000000000000001
ccf_v1_0247,calibration,0.10000000000000001,0.999,0.84999999999999998,65,40,0,0,true,4194304,5999168895323013141,64,65536,0.0050000000000000001
ccf_v1_0248,angular-holdout,0.10000000000000001,0.999,0.84999999999999998,65,40,90,0,true,4194304,5999168895323013141,64,65536,0.0050000000000000001
ccf_v1_0249,calibration,0.10000000000000001,0.999,0.84999999999999998,65,40,180,0,true,4194304,5999168895323013141,64,65536,0.0050000000000000001
ccf_v1_0250,calibration,0.10000000000000001,0.999,0.84999999999999998,65,65,0,0,true,4194304,5999168895323013141,64,65536,0.0050000000000000001
ccf_v1_0251,calibration,0.10000000000000001,0.999,0.84999999999999998,65,65,90,0,true,4194304,5999168895323013141,64,65536,0.0050000000000000001
ccf_v1_0252,calibration,0.10000000000000001,0.999,0.84999999999999998,65,65,180,0,true,4194304,5999168895323013141,64,65536,0.0050000000000000001
ccf_v1_0253,calibration,0.29999999999999999,0.999,0.66500000000000004,30,0,0,0,true,4194304,5999168895323013141,96,65536,0.0050000000000000001
ccf_v1_0254,calibration,0.29999999999999999,0.999,0.66500000000000004,30,40,0,0,true,4194304,5999168895323013141,96,65536,0.0050000000000000001
ccf_v1_0255,angular-holdout,0.29999999999999999,0.999,0.66500000000000004,30,40,90,0,true,4194304,5999168895323013141,96,65536,0.0050000000000000001
ccf_v1_0256,calibration,0.29999999999999999,0.999,0.66500000000000004,30,40,180,0,true,4194304,5999168895323013141,96,65536,0.0050000000000000001
ccf_v1_0257,calibration,0.29999999999999999,0.999,0.66500000000000004,30,65,0,0,true,4194304,5999168895323013141,96,65536,0.0050000000000000001
ccf_v1_0258,calibration,0.29999999999999999,0.999,0.66500000000000004,30,65,90,0,true,4194304,5999168895323013141,96,65536,0.0050000000000000001
ccf_v1_0259,calibration,0.29999999999999999,0.999,0.66500000000000004,30,65,180,0,true,4194304,5999168895323013141,96,65536,0.0050000000000000001
ccf_v1_0260,angular-holdout,0.29999999999999999,0.999,0.66500000000000004,50,0,0,0,true,4194304,5999168895323013141,96,65536,0.0050000000000000001
ccf_v1_0261,angular-holdout,0.29999999999999999,0.999,0.66500000000000004,50,40,0,0,true,4194304,5999168895323013141,96,65536,0.0050000000000000001
ccf_v1_0262,angular-holdout,0.29999999999999999,0.999,0.66500000000000004,50,40,90,0,true,4194304,5999168895323013141,96,65536,0.0050000000000000001
ccf_v1_0263,angular-holdout,0.29999999999999999,0.999,0.66500000000000004,50,40,180,0,true,4194304,5999168895323013141,96,65536,0.0050000000000000001
ccf_v1_0264,angular-holdout,0.29999999999999999,0.999,0.66500000000000004,50,65,0,0,true,4194304,5999168895323013141,96,65536,0.0050000000000000001
ccf_v1_0265,angular-holdout,0.29999999999999999,0.999,0.66500000000000004,50,65,90,0,true,4194304,5999168895323013141,96,65536,0.0050000000000000001
ccf_v1_0266,angular-holdout,0.29999999999999999,0.999,0.66500000000000004,50,65,180,0,true,4194304,5999168895323013141,96,65536,0.0050000000000000001
ccf_v1_0267,calibration,0.29999999999999999,0.999,0.66500000000000004,65,0,0,0,true,4194304,5999168895323013141,96,65536,0.0050000000000000001
ccf_v1_0268,calibration,0.29999999999999999,0.999,0.66500000000000004,65,40,0,0,true,4194304,5999168895323013141,96,65536,0.0050000000000000001
ccf_v1_0269,angular-holdout,0.29999999999999999,0.999,0.66500000000000004,65,40,90,0,true,4194304,5999168895323013141,96,65536,0.0050000000000000001
ccf_v1_0270,calibration,0.29999999999999999,0.999,0.66500000000000004,65,40,180,0,true,4194304,5999168895323013141,96,65536,0.0050000000000000001
ccf_v1_0271,calibration,0.29999999999999999,0.999,0.66500000000000004,65,65,0,0,true,4194304,5999168895323013141,96,65536,0.0050000000000000001
ccf_v1_0272,calibration,0.29999999999999999,0.999,0.66500000000000004,65,65,90,0,true,4194304,5999168895323013141,96,65536,0.0050000000000000001
ccf_v1_0273,calibration,0.29999999999999999,0.999,0.66500000000000004,65,65,180,0,true,4194304,5999168895323013141,96,65536,0.0050000000000000001
ccf_v1_0274,calibration,0.29999999999999999,0.999,0.75,30,0,0,0,true,4194304,5999168895323013141,96,65536,0.0050000000000000001
ccf_v1_0275,calibration,0.29999999999999999,0.999,0.75,30,40,0,0,true,4194304,5999168895323013141,96,65536,0.0050000000000000001
ccf_v1_0276,angular-holdout,0.29999999999999999,0.999,0.75,30,40,90,0,true,4194304,5999168895323013141,96,65536,0.0050000000000000001
ccf_v1_0277,calibration,0.29999999999999999,0.999,0.75,30,40,180,0,true,4194304,5999168895323013141,96,65536,0.0050000000000000001
ccf_v1_0278,calibration,0.29999999999999999,0.999,0.75,30,65,0,0,true,4194304,5999168895323013141,96,65536,0.0050000000000000001
ccf_v1_0279,calibration,0.29999999999999999,0.999,0.75,30,65,90,0,true,4194304,5999168895323013141,96,65536,0.0050000000000000001
ccf_v1_0280,calibration,0.29999999999999999,0.999,0.75,30,65,180,0,true,4194304,5999168895323013141,96,65536,0.0050000000000000001
ccf_v1_0281,angular-holdout,0.29999999999999999,0.999,0.75,50,0,0,0,true,4194304,5999168895323013141,96,65536,0.0050000000000000001
ccf_v1_0282,angular-holdout,0.29999999999999999,0.999,0.75,50,40,0,0,true,4194304,5999168895323013141,96,65536,0.0050000000000000001
ccf_v1_0283,angular-holdout,0.29999999999999999,0.999,0.75,50,40,90,0,true,4194304,5999168895323013141,96,65536,0.0050000000000000001
ccf_v1_0284,angular-holdout,0.29999999999999999,0.999,0.75,50,40,180,0,true,4194304,5999168895323013141,96,65536,0.0050000000000000001
ccf_v1_0285,angular-holdout,0.29999999999999999,0.999,0.75,50,65,0,0,true,4194304,5999168895323013141,96,65536,0.0050000000000000001
ccf_v1_0286,angular-holdout,0.29999999999999999,0.999,0.75,50,65,90,0,true,4194304,5999168895323013141,96,65536,0.0050000000000000001
ccf_v1_0287,angular-holdout,0.29999999999999999,0.999,0.75,50,65,180,0,true,4194304,5999168895323013141,96,65536,0.0050000000000000001
ccf_v1_0288,calibration,0.29999999999999999,0.999,0.75,65,0,0,0,true,4194304,5999168895323013141,96,65536,0.0050000000000000001
ccf_v1_0289,calibration,0.29999999999999999,0.999,0.75,65,40,0,0,true,4194304,5999168895323013141,96,65536,0.0050000000000000001
ccf_v1_0290,angular-holdout,0.29999999999999999,0.999,0.75,65,40,90,0,true,4194304,5999168895323013141,96,65536,0.0050000000000000001
ccf_v1_0291,calibration,0.29999999999999999,0.999,0.75,65,40,180,0,true,4194304,5999168895323013141,96,65536,0.0050000000000000001
ccf_v1_0292,calibration,0.29999999999999999,0.999,0.75,65,65,0,0,true,4194304,5999168895323013141,96,65536,0.0050000000000000001
ccf_v1_0293,calibration,0.29999999999999999,0.999,0.75,65,65,90,0,true,4194304,5999168895323013141,96,65536,0.0050000000000000001
ccf_v1_0294,calibration,0.29999999999999999,0.999,0.75,65,65,180,0,true,4194304,5999168895323013141,96,65536,0.0050000000000000001
ccf_v1_0295,calibration,0.29999999999999999,0.999,0.84999999999999998,30,0,0,0,true,4194304,5999168895323013141,96,65536,0.0050000000000000001
ccf_v1_0296,calibration,0.29999999999999999,0.999,0.84999999999999998,30,40,0,0,true,4194304,5999168895323013141,96,65536,0.0050000000000000001
ccf_v1_0297,angular-holdout,0.29999999999999999,0.999,0.84999999999999998,30,40,90,0,true,4194304,5999168895323013141,96,65536,0.0050000000000000001
ccf_v1_0298,calibration,0.29999999999999999,0.999,0.84999999999999998,30,40,180,0,true,4194304,5999168895323013141,96,65536,0.0050000000000000001
ccf_v1_0299,calibration,0.29999999999999999,0.999,0.84999999999999998,30,65,0,0,true,4194304,5999168895323013141,96,65536,0.0050000000000000001
ccf_v1_0300,calibration,0.29999999999999999,0.999,0.84999999999999998,30,65,90,0,true,4194304,5999168895323013141,96,65536,0.0050000000000000001
ccf_v1_0301,calibration,0.29999999999999999,0.999,0.84999999999999998,30,65,180,0,true,4194304,5999168895323013141,96,65536,0.0050000000000000001
ccf_v1_0302,angular-holdout,0.29999999999999999,0.999,0.84999999999999998,50,0,0,0,true,4194304,5999168895323013141,96,65536,0.0050000000000000001
ccf_v1_0303,angular-holdout,0.29999999999999999,0.999,0.84999999999999998,50,40,0,0,true,4194304,5999168895323013141,96,65536,0.0050000000000000001
ccf_v1_0304,angular-holdout,0.29999999999999999,0.999,0.84999999999999998,50,40,90,0,true,4194304,5999168895323013141,96,65536,0.0050000000000000001
ccf_v1_0305,angular-holdout,0.29999999999999999,0.999,0.84999999999999998,50,40,180,0,true,4194304,5999168895323013141,96,65536,0.0050000000000000001
ccf_v1_0306,angular-holdout,0.29999999999999999,0.999,0.84999999999999998,50,65,0,0,true,4194304,5999168895323013141,96,65536,0.0050000000000000001
ccf_v1_0307,angular-holdout,0.29999999999999999,0.999,0.84999999999999998,50,65,90,0,true,4194304,5999168895323013141,96,65536,0.0050000000000000001
ccf_v1_0308,angular-holdout,0.29999999999999999,0.999,0.84999999999999998,50,65,180,0,true,4194304,5999168895323013141,96,65536,0.0050000000000000001
ccf_v1_0309,calibration,0.29999999999999999,0.999,0.84999999999999998,65,0,0,0,true,4194304,5999168895323013141,96,65536,0.0050000000000000001
ccf_v1_0310,calibration,0.29999999999999999,0.999,0.84999999999999998,65,40,0,0,true,4194304,5999168895323013141,96,65536,0.0050000000000000001
ccf_v1_0311,angular-holdout,0.29999999999999999,0.999,0.84999999999999998,65,40,90,0,true,4194304,5999168895323013141,96,65536,0.0050000000000000001
ccf_v1_0312,calibration,0.29999999999999999,0.999,0.84999999999999998,65,40,180,0,true,4194304,5999168895323013141,96,65536,0.0050000000000000001
ccf_v1_0313,calibration,0.29999999999999999,0.999,0.84999999999999998,65,65,0,0,true,4194304,5999168895323013141,96,65536,0.0050000000000000001
ccf_v1_0314,calibration,0.29999999999999999,0.999,0.84999999999999998,65,65,90,0,true,4194304,5999168895323013141,96,65536,0.0050000000000000001
ccf_v1_0315,calibration,0.29999999999999999,0.999,0.84999999999999998,65,65,180,0,true,4194304,5999168895323013141,96,65536,0.0050000000000000001
ccf_v1_0316,calibration,1,0.999,0.66500000000000004,30,0,0,0,true,4194304,5999168895323013141,160,65536,0.0050000000000000001
ccf_v1_0317,calibration,1,0.999,0.66500000000000004,30,40,0,0,true,4194304,5999168895323013141,160,65536,0.0050000000000000001
ccf_v1_0318,angular-holdout,1,0.999,0.66500000000000004,30,40,90,0,true,4194304,5999168895323013141,160,65536,0.0050000000000000001
ccf_v1_0319,calibration,1,0.999,0.66500000000000004,30,40,180,0,true,4194304,5999168895323013141,160,65536,0.0050000000000000001
ccf_v1_0320,calibration,1,0.999,0.66500000000000004,30,65,0,0,true,4194304,5999168895323013141,160,65536,0.0050000000000000001
ccf_v1_0321,calibration,1,0.999,0.66500000000000004,30,65,90,0,true,4194304,5999168895323013141,160,65536,0.0050000000000000001
ccf_v1_0322,calibration,1,0.999,0.66500000000000004,30,65,180,0,true,4194304,5999168895323013141,160,65536,0.0050000000000000001
ccf_v1_0323,angular-holdout,1,0.999,0.66500000000000004,50,0,0,0,true,4194304,5999168895323013141,160,65536,0.0050000000000000001
ccf_v1_0324,angular-holdout,1,0.999,0.66500000000000004,50,40,0,0,true,4194304,5999168895323013141,160,65536,0.0050000000000000001
ccf_v1_0325,angular-holdout,1,0.999,0.66500000000000004,50,40,90,0,true,4194304,5999168895323013141,160,65536,0.0050000000000000001
ccf_v1_0326,angular-holdout,1,0.999,0.66500000000000004,50,40,180,0,true,4194304,5999168895323013141,160,65536,0.0050000000000000001
ccf_v1_0327,angular-holdout,1,0.999,0.66500000000000004,50,65,0,0,true,4194304,5999168895323013141,160,65536,0.0050000000000000001
ccf_v1_0328,angular-holdout,1,0.999,0.66500000000000004,50,65,90,0,true,4194304,5999168895323013141,160,65536,0.0050000000000000001
ccf_v1_0329,angular-holdout,1,0.999,0.66500000000000004,50,65,180,0,true,4194304,5999168895323013141,160,65536,0.0050000000000000001
ccf_v1_0330,calibration,1,0.999,0.66500000000000004,65,0,0,0,true,4194304,5999168895323013141,160,65536,0.0050000000000000001
ccf_v1_0331,calibration,1,0.999,0.66500000000000004,65,40,0,0,true,4194304,5999168895323013141,160,65536,0.0050000000000000001
ccf_v1_0332,angular-holdout,1,0.999,0.66500000000000004,65,40,90,0,true,4194304,5999168895323013141,160,65536,0.0050000000000000001
ccf_v1_0333,calibration,1,0.999,0.66500000000000004,65,40,180,0,true,4194304,5999168895323013141,160,65536,0.0050000000000000001
ccf_v1_0334,calibration,1,0.999,0.66500000000000004,65,65,0,0,true,4194304,5999168895323013141,160,65536,0.0050000000000000001
ccf_v1_0335,calibration,1,0.999,0.66500000000000004,65,65,90,0,true,4194304,5999168895323013141,160,65536,0.0050000000000000001
ccf_v1_0336,calibration,1,0.999,0.66500000000000004,65,65,180,0,true,4194304,5999168895323013141,160,65536,0.0050000000000000001
ccf_v1_0337,calibration,1,0.999,0.75,30,0,0,0,true,4194304,5999168895323013141,160,65536,0.0050000000000000001
ccf_v1_0338,calibration,1,0.999,0.75,30,40,0,0,true,4194304,5999168895323013141,160,65536,0.0050000000000000001
ccf_v1_0339,angular-holdout,1,0.999,0.75,30,40,90,0,true,4194304,5999168895323013141,160,65536,0.0050000000000000001
ccf_v1_0340,calibration,1,0.999,0.75,30,40,180,0,true,4194304,5999168895323013141,160,65536,0.0050000000000000001
ccf_v1_0341,calibration,1,0.999,0.75,30,65,0,0,true,4194304,5999168895323013141,160,65536,0.0050000000000000001
ccf_v1_0342,calibration,1,0.999,0.75,30,65,90,0,true,4194304,5999168895323013141,160,65536,0.0050000000000000001
ccf_v1_0343,calibration,1,0.999,0.75,30,65,180,0,true,4194304,5999168895323013141,160,65536,0.0050000000000000001
ccf_v1_0344,angular-holdout,1,0.999,0.75,50,0,0,0,true,4194304,5999168895323013141,160,65536,0.0050000000000000001
ccf_v1_0345,angular-holdout,1,0.999,0.75,50,40,0,0,true,4194304,5999168895323013141,160,65536,0.0050000000000000001
ccf_v1_0346,angular-holdout,1,0.999,0.75,50,40,90,0,true,4194304,5999168895323013141,160,65536,0.0050000000000000001
ccf_v1_0347,angular-holdout,1,0.999,0.75,50,40,180,0,true,4194304,5999168895323013141,160,65536,0.0050000000000000001
ccf_v1_0348,angular-holdout,1,0.999,0.75,50,65,0,0,true,4194304,5999168895323013141,160,65536,0.0050000000000000001
ccf_v1_0349,angular-holdout,1,0.999,0.75,50,65,90,0,true,4194304,5999168895323013141,160,65536,0.0050000000000000001
ccf_v1_0350,angular-holdout,1,0.999,0.75,50,65,180,0,true,4194304,5999168895323013141,160,65536,0.0050000000000000001
ccf_v1_0351,calibration,1,0.999,0.75,65,0,0,0,true,4194304,5999168895323013141,160,65536,0.0050000000000000001
ccf_v1_0352,calibration,1,0.999,0.75,65,40,0,0,true,4194304,5999168895323013141,160,65536,0.0050000000000000001
ccf_v1_0353,angular-holdout,1,0.999,0.75,65,40,90,0,true,4194304,5999168895323013141,160,65536,0.0050000000000000001
ccf_v1_0354,calibration,1,0.999,0.75,65,40,180,0,true,4194304,5999168895323013141,160,65536,0.0050000000000000001
ccf_v1_0355,calibration,1,0.999,0.75,65,65,0,0,true,4194304,5999168895323013141,160,65536,0.0050000000000000001
ccf_v1_0356,calibration,1,0.999,0.75,65,65,90,0,true,4194304,5999168895323013141,160,65536,0.0050000000000000001
ccf_v1_0357,calibration,1,0.999,0.75,65,65,180,0,true,4194304,5999168895323013141,160,65536,0.0050000000000000001
ccf_v1_0358,calibration,1,0.999,0.84999999999999998,30,0,0,0,true,4194304,5999168895323013141,160,65536,0.0050000000000000001
ccf_v1_0359,calibration,1,0.999,0.84999999999999998,30,40,0,0,true,4194304,5999168895323013141,160,65536,0.0050000000000000001
ccf_v1_0360,angular-holdout,1,0.999,0.84999999999999998,30,40,90,0,true,4194304,5999168895323013141,160,65536,0.0050000000000000001
ccf_v1_0361,calibration,1,0.999,0.84999999999999998,30,40,180,0,true,4194304,5999168895323013141,160,65536,0.0050000000000000001
ccf_v1_0362,calibration,1,0.999,0.84999999999999998,30,65,0,0,true,4194304,5999168895323013141,160,65536,0.0050000000000000001
ccf_v1_0363,calibration,1,0.999,0.84999999999999998,30,65,90,0,true,4194304,5999168895323013141,160,65536,0.0050000000000000001
ccf_v1_0364,calibration,1,0.999,0.84999999999999998,30,65,180,0,true,4194304,5999168895323013141,160,65536,0.0050000000000000001
ccf_v1_0365,angular-holdout,1,0.999,0.84999999999999998,50,0,0,0,true,4194304,5999168895323013141,160,65536,0.0050000000000000001
ccf_v1_0366,angular-holdout,1,0.999,0.84999999999999998,50,40,0,0,true,4194304,5999168895323013141,160,65536,0.0050000000000000001
ccf_v1_0367,angular-holdout,1,0.999,0.84999999999999998,50,40,90,0,true,4194304,5999168895323013141,160,65536,0.0050000000000000001
ccf_v1_0368,angular-holdout,1,0.999,0.84999999999999998,50,40,180,0,true,4194304,5999168895323013141,160,65536,0.0050000000000000001
ccf_v1_0369,angular-holdout,1,0.999,0.84999999999999998,50,65,0,0,true,4194304,5999168895323013141,160,65536,0.0050000000000000001
ccf_v1_0370,angular-holdout,1,0.999,0.84999999999999998,50,65,90,0,true,4194304,5999168895323013141,160,65536,0.0050000000000000001
ccf_v1_0371,angular-holdout,1,0.999,0.84999999999999998,50,65,180,0,true,4194304,5999168895323013141,160,65536,0.0050000000000000001
ccf_v1_0372,calibration,1,0.999,0.84999999999999998,65,0,0,0,true,4194304,5999168895323013141,160,65536,0.0050000000000000001
ccf_v1_0373,calibration,1,0.999,0.84999999999999998,65,40,0,0,true,4194304,5999168895323013141,160,65536,0.0050000000000000001
ccf_v1_0374,angular-holdout,1,0.999,0.84999999999999998,65,40,90,0,true,4194304,5999168895323013141,160,65536,0.0050000000000000001
ccf_v1_0375,calibration,1,0.999,0.84999999999999998,65,40,180,0,true,4194304,5999168895323013141,160,65536,0.0050000000000000001
ccf_v1_0376,calibration,1,0.999,0.84999999999999998,65,65,0,0,true,4194304,5999168895323013141,160,65536,0.0050000000000000001
ccf_v1_0377,calibration,1,0.999,0.84999999999999998,65,65,90,0,true,4194304,5999168895323013141,160,65536,0.0050000000000000001
ccf_v1_0378,calibration,1,0.999,0.84999999999999998,65,65,180,0,true,4194304,5999168895323013141,160,65536,0.0050000000000000001
ccf_v1_0379,calibration,3,0.999,0.66500000000000004,30,0,0,0,true,4194304,5999168895323013141,256,65536,0.0050000000000000001
ccf_v1_0380,calibration,3,0.999,0.66500000000000004,30,40,0,0,true,4194304,5999168895323013141,256,65536,0.0050000000000000001
ccf_v1_0381,angular-holdout,3,0.999,0.66500000000000004,30,40,90,0,true,4194304,5999168895323013141,256,65536,0.0050000000000000001
ccf_v1_0382,calibration,3,0.999,0.66500000000000004,30,40,180,0,true,4194304,5999168895323013141,256,65536,0.0050000000000000001
ccf_v1_0383,calibration,3,0.999,0.66500000000000004,30,65,0,0,true,4194304,5999168895323013141,256,65536,0.0050000000000000001
ccf_v1_0384,calibration,3,0.999,0.66500000000000004,30,65,90,0,true,4194304,5999168895323013141,256,65536,0.0050000000000000001
ccf_v1_0385,calibration,3,0.999,0.66500000000000004,30,65,180,0,true,4194304,5999168895323013141,256,65536,0.0050000000000000001
ccf_v1_0386,angular-holdout,3,0.999,0.66500000000000004,50,0,0,0,true,4194304,5999168895323013141,256,65536,0.0050000000000000001
ccf_v1_0387,angular-holdout,3,0.999,0.66500000000000004,50,40,0,0,true,4194304,5999168895323013141,256,65536,0.0050000000000000001
ccf_v1_0388,angular-holdout,3,0.999,0.66500000000000004,50,40,90,0,true,4194304,5999168895323013141,256,65536,0.0050000000000000001
ccf_v1_0389,angular-holdout,3,0.999,0.66500000000000004,50,40,180,0,true,4194304,5999168895323013141,256,65536,0.0050000000000000001
ccf_v1_0390,angular-holdout,3,0.999,0.66500000000000004,50,65,0,0,true,4194304,5999168895323013141,256,65536,0.0050000000000000001
ccf_v1_0391,angular-holdout,3,0.999,0.66500000000000004,50,65,90,0,true,4194304,5999168895323013141,256,65536,0.0050000000000000001
ccf_v1_0392,angular-holdout,3,0.999,0.66500000000000004,50,65,180,0,true,4194304,5999168895323013141,256,65536,0.0050000000000000001
ccf_v1_0393,calibration,3,0.999,0.66500000000000004,65,0,0,0,true,4194304,5999168895323013141,256,65536,0.0050000000000000001
ccf_v1_0394,calibration,3,0.999,0.66500000000000004,65,40,0,0,true,4194304,5999168895323013141,256,65536,0.0050000000000000001
ccf_v1_0395,angular-holdout,3,0.999,0.66500000000000004,65,40,90,0,true,4194304,5999168895323013141,256,65536,0.0050000000000000001
ccf_v1_0396,calibration,3,0.999,0.66500000000000004,65,40,180,0,true,4194304,5999168895323013141,256,65536,0.0050000000000000001
ccf_v1_0397,calibration,3,0.999,0.66500000000000004,65,65,0,0,true,4194304,5999168895323013141,256,65536,0.0050000000000000001
ccf_v1_0398,calibration,3,0.999,0.66500000000000004,65,65,90,0,true,4194304,5999168895323013141,256,65536,0.0050000000000000001
ccf_v1_0399,calibration,3,0.999,0.66500000000000004,65,65,180,0,true,4194304,5999168895323013141,256,65536,0.0050000000000000001
ccf_v1_0400,calibration,3,0.999,0.75,30,0,0,0,true,4194304,5999168895323013141,256,65536,0.0050000000000000001
ccf_v1_0401,calibration,3,0.999,0.75,30,40,0,0,true,4194304,5999168895323013141,256,65536,0.0050000000000000001
ccf_v1_0402,angular-holdout,3,0.999,0.75,30,40,90,0,true,4194304,5999168895323013141,256,65536,0.0050000000000000001
ccf_v1_0403,calibration,3,0.999,0.75,30,40,180,0,true,4194304,5999168895323013141,256,65536,0.0050000000000000001
ccf_v1_0404,calibration,3,0.999,0.75,30,65,0,0,true,4194304,5999168895323013141,256,65536,0.0050000000000000001
ccf_v1_0405,calibration,3,0.999,0.75,30,65,90,0,true,4194304,5999168895323013141,256,65536,0.0050000000000000001
ccf_v1_0406,calibration,3,0.999,0.75,30,65,180,0,true,4194304,5999168895323013141,256,65536,0.0050000000000000001
ccf_v1_0407,angular-holdout,3,0.999,0.75,50,0,0,0,true,4194304,5999168895323013141,256,65536,0.0050000000000000001
ccf_v1_0408,angular-holdout,3,0.999,0.75,50,40,0,0,true,4194304,5999168895323013141,256,65536,0.0050000000000000001
ccf_v1_0409,angular-holdout,3,0.999,0.75,50,40,90,0,true,4194304,5999168895323013141,256,65536,0.0050000000000000001
ccf_v1_0410,angular-holdout,3,0.999,0.75,50,40,180,0,true,4194304,5999168895323013141,256,65536,0.0050000000000000001
ccf_v1_0411,angular-holdout,3,0.999,0.75,50,65,0,0,true,4194304,5999168895323013141,256,65536,0.0050000000000000001
ccf_v1_0412,angular-holdout,3,0.999,0.75,50,65,90,0,true,4194304,5999168895323013141,256,65536,0.0050000000000000001
ccf_v1_0413,angular-holdout,3,0.999,0.75,50,65,180,0,true,4194304,5999168895323013141,256,65536,0.0050000000000000001
ccf_v1_0414,calibration,3,0.999,0.75,65,0,0,0,true,4194304,5999168895323013141,256,65536,0.0050000000000000001
ccf_v1_0415,calibration,3,0.999,0.75,65,40,0,0,true,4194304,5999168895323013141,256,65536,0.0050000000000000001
ccf_v1_0416,angular-holdout,3,0.999,0.75,65,40,90,0,true,4194304,5999168895323013141,256,65536,0.0050000000000000001
ccf_v1_0417,calibration,3,0.999,0.75,65,40,180,0,true,4194304,5999168895323013141,256,65536,0.0050000000000000001
ccf_v1_0418,calibration,3,0.999,0.75,65,65,0,0,true,4194304,5999168895323013141,256,65536,0.0050000000000000001
ccf_v1_0419,calibration,3,0.999,0.75,65,65,90,0,true,4194304,5999168895323013141,256,65536,0.0050000000000000001
ccf_v1_0420,calibration,3,0.999,0.75,65,65,180,0,true,4194304,5999168895323013141,256,65536,0.0050000000000000001
ccf_v1_0421,calibration,3,0.999,0.84999999999999998,30,0,0,0,true,4194304,5999168895323013141,256,65536,0.0050000000000000001
ccf_v1_0422,calibration,3,0.999,0.84999999999999998,30,40,0,0,true,4194304,5999168895323013141,256,65536,0.0050000000000000001
ccf_v1_0423,angular-holdout,3,0.999,0.84999999999999998,30,40,90,0,true,4194304,5999168895323013141,256,65536,0.0050000000000000001
ccf_v1_0424,calibration,3,0.999,0.84999999999999998,30,40,180,0,true,4194304,5999168895323013141,256,65536,0.0050000000000000001
ccf_v1_0425,calibration,3,0.999,0.84999999999999998,30,65,0,0,true,4194304,5999168895323013141,256,65536,0.0050000000000000001
ccf_v1_0426,calibration,3,0.999,0.84999999999999998,30,65,90,0,true,4194304,5999168895323013141,256,65536,0.0050000000000000001
ccf_v1_0427,calibration,3,0.999,0.84999999999999998,30,65,180,0,true,4194304,5999168895323013141,256,65536,0.0050000000000000001
ccf_v1_0428,angular-holdout,3,0.999,0.84999999999999998,50,0,0,0,true,4194304,5999168895323013141,256,65536,0.0050000000000000001
ccf_v1_0429,angular-holdout,3,0.999,0.84999999999999998,50,40,0,0,true,4194304,5999168895323013141,256,65536,0.0050000000000000001
ccf_v1_0430,angular-holdout,3,0.999,0.84999999999999998,50,40,90,0,true,4194304,5999168895323013141,256,65536,0.0050000000000000001
ccf_v1_0431,angular-holdout,3,0.999,0.84999999999999998,50,40,180,0,true,4194304,5999168895323013141,256,65536,0.0050000000000000001
ccf_v1_0432,angular-holdout,3,0.999,0.84999999999999998,50,65,0,0,true,4194304,5999168895323013141,256,65536,0.0050000000000000001
ccf_v1_0433,angular-holdout,3,0.999,0.84999999999999998,50,65,90,0,true,4194304,5999168895323013141,256,65536,0.0050000000000000001
ccf_v1_0434,angular-holdout,3,0.999,0.84999999999999998,50,65,180,0,true,4194304,5999168895323013141,256,65536,0.0050000000000000001
ccf_v1_0435,calibration,3,0.999,0.84999999999999998,65,0,0,0,true,4194304,5999168895323013141,256,65536,0.0050000000000000001
ccf_v1_0436,calibration,3,0.999,0.84999999999999998,65,40,0,0,true,4194304,5999168895323013141,256,65536,0.0050000000000000001
ccf_v1_0437,angular-holdout,3,0.999,0.84999999999999998,65,40,90,0,true,4194304,5999168895323013141,256,65536,0.0050000000000000001
ccf_v1_0438,calibration,3,0.999,0.84999999999999998,65,40,180,0,true,4194304,5999168895323013141,256,65536,0.0050000000000000001
ccf_v1_0439,calibration,3,0.999,0.84999999999999998,65,65,0,0,true,4194304,5999168895323013141,256,65536,0.0050000000000000001
ccf_v1_0440,calibration,3,0.999,0.84999999999999998,65,65,90,0,true,4194304,5999168895323013141,256,65536,0.0050000000000000001
ccf_v1_0441,calibration,3,0.999,0.84999999999999998,65,65,180,0,true,4194304,5999168895323013141,256,65536,0.0050000000000000001
ccf_v1_0442,calibration,10,0.999,0.66500000000000004,30,0,0,0,true,4194304,5999168895323013141,384,65536,0.0050000000000000001
ccf_v1_0443,calibration,10,0.999,0.66500000000000004,30,40,0,0,true,4194304,5999168895323013141,384,65536,0.0050000000000000001
ccf_v1_0444,angular-holdout,10,0.999,0.66500000000000004,30,40,90,0,true,4194304,5999168895323013141,384,65536,0.0050000000000000001
ccf_v1_0445,calibration,10,0.999,0.66500000000000004,30,40,180,0,true,4194304,5999168895323013141,384,65536,0.0050000000000000001
ccf_v1_0446,calibration,10,0.999,0.66500000000000004,30,65,0,0,true,4194304,5999168895323013141,384,65536,0.0050000000000000001
ccf_v1_0447,calibration,10,0.999,0.66500000000000004,30,65,90,0,true,4194304,5999168895323013141,384,65536,0.0050000000000000001
ccf_v1_0448,calibration,10,0.999,0.66500000000000004,30,65,180,0,true,4194304,5999168895323013141,384,65536,0.0050000000000000001
ccf_v1_0449,angular-holdout,10,0.999,0.66500000000000004,50,0,0,0,true,4194304,5999168895323013141,384,65536,0.0050000000000000001
ccf_v1_0450,angular-holdout,10,0.999,0.66500000000000004,50,40,0,0,true,4194304,5999168895323013141,384,65536,0.0050000000000000001
ccf_v1_0451,angular-holdout,10,0.999,0.66500000000000004,50,40,90,0,true,4194304,5999168895323013141,384,65536,0.0050000000000000001
ccf_v1_0452,angular-holdout,10,0.999,0.66500000000000004,50,40,180,0,true,4194304,5999168895323013141,384,65536,0.0050000000000000001
ccf_v1_0453,angular-holdout,10,0.999,0.66500000000000004,50,65,0,0,true,4194304,5999168895323013141,384,65536,0.0050000000000000001
ccf_v1_0454,angular-holdout,10,0.999,0.66500000000000004,50,65,90,0,true,4194304,5999168895323013141,384,65536,0.0050000000000000001
ccf_v1_0455,angular-holdout,10,0.999,0.66500000000000004,50,65,180,0,true,4194304,5999168895323013141,384,65536,0.0050000000000000001
ccf_v1_0456,calibration,10,0.999,0.66500000000000004,65,0,0,0,true,4194304,5999168895323013141,384,65536,0.0050000000000000001
ccf_v1_0457,calibration,10,0.999,0.66500000000000004,65,40,0,0,true,4194304,5999168895323013141,384,65536,0.0050000000000000001
ccf_v1_0458,angular-holdout,10,0.999,0.66500000000000004,65,40,90,0,true,4194304,5999168895323013141,384,65536,0.0050000000000000001
ccf_v1_0459,calibration,10,0.999,0.66500000000000004,65,40,180,0,true,4194304,5999168895323013141,384,65536,0.0050000000000000001
ccf_v1_0460,calibration,10,0.999,0.66500000000000004,65,65,0,0,true,4194304,5999168895323013141,384,65536,0.0050000000000000001
ccf_v1_0461,calibration,10,0.999,0.66500000000000004,65,65,90,0,true,4194304,5999168895323013141,384,65536,0.0050000000000000001
ccf_v1_0462,calibration,10,0.999,0.66500000000000004,65,65,180,0,true,4194304,5999168895323013141,384,65536,0.0050000000000000001
ccf_v1_0463,calibration,10,0.999,0.75,30,0,0,0,true,4194304,5999168895323013141,384,65536,0.0050000000000000001
ccf_v1_0464,calibration,10,0.999,0.75,30,40,0,0,true,4194304,5999168895323013141,384,65536,0.0050000000000000001
ccf_v1_0465,angular-holdout,10,0.999,0.75,30,40,90,0,true,4194304,5999168895323013141,384,65536,0.0050000000000000001
ccf_v1_0466,calibration,10,0.999,0.75,30,40,180,0,true,4194304,5999168895323013141,384,65536,0.0050000000000000001
ccf_v1_0467,calibration,10,0.999,0.75,30,65,0,0,true,4194304,5999168895323013141,384,65536,0.0050000000000000001
ccf_v1_0468,calibration,10,0.999,0.75,30,65,90,0,true,4194304,5999168895323013141,384,65536,0.0050000000000000001
ccf_v1_0469,calibration,10,0.999,0.75,30,65,180,0,true,4194304,5999168895323013141,384,65536,0.0050000000000000001
ccf_v1_0470,angular-holdout,10,0.999,0.75,50,0,0,0,true,4194304,5999168895323013141,384,65536,0.0050000000000000001
ccf_v1_0471,angular-holdout,10,0.999,0.75,50,40,0,0,true,4194304,5999168895323013141,384,65536,0.0050000000000000001
ccf_v1_0472,angular-holdout,10,0.999,0.75,50,40,90,0,true,4194304,5999168895323013141,384,65536,0.0050000000000000001
ccf_v1_0473,angular-holdout,10,0.999,0.75,50,40,180,0,true,4194304,5999168895323013141,384,65536,0.0050000000000000001
ccf_v1_0474,angular-holdout,10,0.999,0.75,50,65,0,0,true,4194304,5999168895323013141,384,65536,0.0050000000000000001
ccf_v1_0475,angular-holdout,10,0.999,0.75,50,65,90,0,true,4194304,5999168895323013141,384,65536,0.0050000000000000001
ccf_v1_0476,angular-holdout,10,0.999,0.75,50,65,180,0,true,4194304,5999168895323013141,384,65536,0.0050000000000000001
ccf_v1_0477,calibration,10,0.999,0.75,65,0,0,0,true,4194304,5999168895323013141,384,65536,0.0050000000000000001
ccf_v1_0478,calibration,10,0.999,0.75,65,40,0,0,true,4194304,5999168895323013141,384,65536,0.0050000000000000001
ccf_v1_0479,angular-holdout,10,0.999,0.75,65,40,90,0,true,4194304,5999168895323013141,384,65536,0.0050000000000000001
ccf_v1_0480,calibration,10,0.999,0.75,65,40,180,0,true,4194304,5999168895323013141,384,65536,0.0050000000000000001
ccf_v1_0481,calibration,10,0.999,0.75,65,65,0,0,true,4194304,5999168895323013141,384,65536,0.0050000000000000001
ccf_v1_0482,calibration,10,0.999,0.75,65,65,90,0,true,4194304,5999168895323013141,384,65536,0.0050000000000000001
ccf_v1_0483,calibration,10,0.999,0.75,65,65,180,0,true,4194304,5999168895323013141,384,65536,0.0050000000000000001
ccf_v1_0484,calibration,10,0.999,0.84999999999999998,30,0,0,0,true,4194304,5999168895323013141,384,65536,0.0050000000000000001
ccf_v1_0485,calibration,10,0.999,0.84999999999999998,30,40,0,0,true,4194304,5999168895323013141,384,65536,0.0050000000000000001
ccf_v1_0486,angular-holdout,10,0.999,0.84999999999999998,30,40,90,0,true,4194304,5999168895323013141,384,65536,0.0050000000000000001
ccf_v1_0487,calibration,10,0.999,0.84999999999999998,30,40,180,0,true,4194304,5999168895323013141,384,65536,0.0050000000000000001
ccf_v1_0488,calibration,10,0.999,0.84999999999999998,30,65,0,0,true,4194304,5999168895323013141,384,65536,0.0050000000000000001
ccf_v1_0489,calibration,10,0.999,0.84999999999999998,30,65,90,0,true,4194304,5999168895323013141,384,65536,0.0050000000000000001
ccf_v1_0490,calibration,10,0.999,0.84999999999999998,30,65,180,0,true,4194304,5999168895323013141,384,65536,0.0050000000000000001
ccf_v1_0491,angular-holdout,10,0.999,0.84999999999999998,50,0,0,0,true,4194304,5999168895323013141,384,65536,0.0050000000000000001
ccf_v1_0492,angular-holdout,10,0.999,0.84999999999999998,50,40,0,0,true,4194304,5999168895323013141,384,65536,0.0050000000000000001
ccf_v1_0493,angular-holdout,10,0.999,0.84999999999999998,50,40,90,0,true,4194304,5999168895323013141,384,65536,0.0050000000000000001
ccf_v1_0494,angular-holdout,10,0.999,0.84999999999999998,50,40,180,0,true,4194304,5999168895323013141,384,65536,0.0050000000000000001
ccf_v1_0495,angular-holdout,10,0.999,0.84999999999999998,50,65,0,0,true,4194304,5999168895323013141,384,65536,0.0050000000000000001
ccf_v1_0496,angular-holdout,10,0.999,0.84999999999999998,50,65,90,0,true,4194304,5999168895323013141,384,65536,0.0050000000000000001
ccf_v1_0497,angular-holdout,10,0.999,0.84999999999999998,50,65,180,0,true,4194304,5999168895323013141,384,65536,0.0050000000000000001
ccf_v1_0498,calibration,10,0.999,0.84999999999999998,65,0,0,0,true,4194304,5999168895323013141,384,65536,0.0050000000000000001
ccf_v1_0499,calibration,10,0.999,0.84999999999999998,65,40,0,0,true,4194304,5999168895323013141,384,65536,0.0050000000000000001
ccf_v1_0500,angular-holdout,10,0.999,0.84999999999999998,65,40,90,0,true,4194304,5999168895323013141,384,65536,0.0050000000000000001
ccf_v1_0501,calibration,10,0.999,0.84999999999999998,65,40,180,0,true,4194304,5999168895323013141,384,65536,0.0050000000000000001
ccf_v1_0502,calibration,10,0.999,0.84999999999999998,65,65,0,0,true,4194304,5999168895323013141,384,65536,0.0050000000000000001
ccf_v1_0503,calibration,10,0.999,0.84999999999999998,65,65,90,0,true,4194304,5999168895323013141,384,65536,0.0050000000000000001
ccf_v1_0504,calibration,10,0.999,0.84999999999999998,65,65,180,0,true,4194304,5999168895323013141,384,65536,0.0050000000000000001
ccf_v1_0505,calibration,30,0.999,0.66500000000000004,30,0,0,0,true,4194304,5999168895323013141,512,65536,0.0050000000000000001
ccf_v1_0506,calibration,30,0.999,0.66500000000000004,30,40,0,0,true,4194304,5999168895323013141,512,65536,0.0050000000000000001
ccf_v1_0507,angular-holdout,30,0.999,0.66500000000000004,30,40,90,0,true,4194304,5999168895323013141,512,65536,0.0050000000000000001
ccf_v1_0508,calibration,30,0.999,0.66500000000000004,30,40,180,0,true,4194304,5999168895323013141,512,65536,0.0050000000000000001
ccf_v1_0509,calibration,30,0.999,0.66500000000000004,30,65,0,0,true,4194304,5999168895323013141,512,65536,0.0050000000000000001
ccf_v1_0510,calibration,30,0.999,0.66500000000000004,30,65,90,0,true,4194304,5999168895323013141,512,65536,0.0050000000000000001
ccf_v1_0511,calibration,30,0.999,0.66500000000000004,30,65,180,0,true,4194304,5999168895323013141,512,65536,0.0050000000000000001
ccf_v1_0512,angular-holdout,30,0.999,0.66500000000000004,50,0,0,0,true,4194304,5999168895323013141,512,65536,0.0050000000000000001
ccf_v1_0513,angular-holdout,30,0.999,0.66500000000000004,50,40,0,0,true,4194304,5999168895323013141,512,65536,0.0050000000000000001
ccf_v1_0514,angular-holdout,30,0.999,0.66500000000000004,50,40,90,0,true,4194304,5999168895323013141,512,65536,0.0050000000000000001
ccf_v1_0515,angular-holdout,30,0.999,0.66500000000000004,50,40,180,0,true,4194304,5999168895323013141,512,65536,0.0050000000000000001
ccf_v1_0516,angular-holdout,30,0.999,0.66500000000000004,50,65,0,0,true,4194304,5999168895323013141,512,65536,0.0050000000000000001
ccf_v1_0517,angular-holdout,30,0.999,0.66500000000000004,50,65,90,0,true,4194304,5999168895323013141,512,65536,0.0050000000000000001
ccf_v1_0518,angular-holdout,30,0.999,0.66500000000000004,50,65,180,0,true,4194304,5999168895323013141,512,65536,0.0050000000000000001
ccf_v1_0519,calibration,30,0.999,0.66500000000000004,65,0,0,0,true,4194304,5999168895323013141,512,65536,0.0050000000000000001
ccf_v1_0520,calibration,30,0.999,0.66500000000000004,65,40,0,0,true,4194304,5999168895323013141,512,65536,0.0050000000000000001
ccf_v1_0521,angular-holdout,30,0.999,0.66500000000000004,65,40,90,0,true,4194304,5999168895323013141,512,65536,0.0050000000000000001
ccf_v1_0522,calibration,30,0.999,0.66500000000000004,65,40,180,0,true,4194304,5999168895323013141,512,65536,0.0050000000000000001
ccf_v1_0523,calibration,30,0.999,0.66500000000000004,65,65,0,0,true,4194304,5999168895323013141,512,65536,0.0050000000000000001
ccf_v1_0524,calibration,30,0.999,0.66500000000000004,65,65,90,0,true,4194304,5999168895323013141,512,65536,0.0050000000000000001
ccf_v1_0525,calibration,30,0.999,0.66500000000000004,65,65,180,0,true,4194304,5999168895323013141,512,65536,0.0050000000000000001
ccf_v1_0526,calibration,30,0.999,0.75,30,0,0,0,true,4194304,5999168895323013141,512,65536,0.0050000000000000001
ccf_v1_0527,calibration,30,0.999,0.75,30,40,0,0,true,4194304,5999168895323013141,512,65536,0.0050000000000000001
ccf_v1_0528,angular-holdout,30,0.999,0.75,30,40,90,0,true,4194304,5999168895323013141,512,65536,0.0050000000000000001
ccf_v1_0529,calibration,30,0.999,0.75,30,40,180,0,true,4194304,5999168895323013141,512,65536,0.0050000000000000001
ccf_v1_0530,calibration,30,0.999,0.75,30,65,0,0,true,4194304,5999168895323013141,512,65536,0.0050000000000000001
ccf_v1_0531,calibration,30,0.999,0.75,30,65,90,0,true,4194304,5999168895323013141,512,65536,0.0050000000000000001
ccf_v1_0532,calibration,30,0.999,0.75,30,65,180,0,true,4194304,5999168895323013141,512,65536,0.0050000000000000001
ccf_v1_0533,angular-holdout,30,0.999,0.75,50,0,0,0,true,4194304,5999168895323013141,512,65536,0.0050000000000000001
ccf_v1_0534,angular-holdout,30,0.999,0.75,50,40,0,0,true,4194304,5999168895323013141,512,65536,0.0050000000000000001
ccf_v1_0535,angular-holdout,30,0.999,0.75,50,40,90,0,true,4194304,5999168895323013141,512,65536,0.0050000000000000001
ccf_v1_0536,angular-holdout,30,0.999,0.75,50,40,180,0,true,4194304,5999168895323013141,512,65536,0.0050000000000000001
ccf_v1_0537,angular-holdout,30,0.999,0.75,50,65,0,0,true,4194304,5999168895323013141,512,65536,0.0050000000000000001
ccf_v1_0538,angular-holdout,30,0.999,0.75,50,65,90,0,true,4194304,5999168895323013141,512,65536,0.0050000000000000001
ccf_v1_0539,angular-holdout,30,0.999,0.75,50,65,180,0,true,4194304,5999168895323013141,512,65536,0.0050000000000000001
ccf_v1_0540,calibration,30,0.999,0.75,65,0,0,0,true,4194304,5999168895323013141,512,65536,0.0050000000000000001
ccf_v1_0541,calibration,30,0.999,0.75,65,40,0,0,true,4194304,5999168895323013141,512,65536,0.0050000000000000001
ccf_v1_0542,angular-holdout,30,0.999,0.75,65,40,90,0,true,4194304,5999168895323013141,512,65536,0.0050000000000000001
ccf_v1_0543,calibration,30,0.999,0.75,65,40,180,0,true,4194304,5999168895323013141,512,65536,0.0050000000000000001
ccf_v1_0544,calibration,30,0.999,0.75,65,65,0,0,true,4194304,5999168895323013141,512,65536,0.0050000000000000001
ccf_v1_0545,calibration,30,0.999,0.75,65,65,90,0,true,4194304,5999168895323013141,512,65536,0.0050000000000000001
ccf_v1_0546,calibration,30,0.999,0.75,65,65,180,0,true,4194304,5999168895323013141,512,65536,0.0050000000000000001
ccf_v1_0547,calibration,30,0.999,0.84999999999999998,30,0,0,0,true,4194304,5999168895323013141,512,65536,0.0050000000000000001
ccf_v1_0548,calibration,30,0.999,0.84999999999999998,30,40,0,0,true,4194304,5999168895323013141,512,65536,0.0050000000000000001
ccf_v1_0549,angular-holdout,30,0.999,0.84999999999999998,30,40,90,0,true,4194304,5999168895323013141,512,65536,0.0050000000000000001
ccf_v1_0550,calibration,30,0.999,0.84999999999999998,30,40,180,0,true,4194304,5999168895323013141,512,65536,0.0050000000000000001
ccf_v1_0551,calibration,30,0.999,0.84999999999999998,30,65,0,0,true,4194304,5999168895323013141,512,65536,0.0050000000000000001
ccf_v1_0552,calibration,30,0.999,0.84999999999999998,30,65,90,0,true,4194304,5999168895323013141,512,65536,0.0050000000000000001
ccf_v1_0553,calibration,30,0.999,0.84999999999999998,30,65,180,0,true,4194304,5999168895323013141,512,65536,0.0050000000000000001
ccf_v1_0554,angular-holdout,30,0.999,0.84999999999999998,50,0,0,0,true,4194304,5999168895323013141,512,65536,0.0050000000000000001
ccf_v1_0555,angular-holdout,30,0.999,0.84999999999999998,50,40,0,0,true,4194304,5999168895323013141,512,65536,0.0050000000000000001
ccf_v1_0556,angular-holdout,30,0.999,0.84999999999999998,50,40,90,0,true,4194304,5999168895323013141,512,65536,0.0050000000000000001
ccf_v1_0557,angular-holdout,30,0.999,0.84999999999999998,50,40,180,0,true,4194304,5999168895323013141,512,65536,0.0050000000000000001
ccf_v1_0558,angular-holdout,30,0.999,0.84999999999999998,50,65,0,0,true,4194304,5999168895323013141,512,65536,0.0050000000000000001
ccf_v1_0559,angular-holdout,30,0.999,0.84999999999999998,50,65,90,0,true,4194304,5999168895323013141,512,65536,0.0050000000000000001
ccf_v1_0560,angular-holdout,30,0.999,0.84999999999999998,50,65,180,0,true,4194304,5999168895323013141,512,65536,0.0050000000000000001
ccf_v1_0561,calibration,30,0.999,0.84999999999999998,65,0,0,0,true,4194304,5999168895323013141,512,65536,0.0050000000000000001
ccf_v1_0562,calibration,30,0.999,0.84999999999999998,65,40,0,0,true,4194304,5999168895323013141,512,65536,0.0050000000000000001
ccf_v1_0563,angular-holdout,30,0.999,0.84999999999999998,65,40,90,0,true,4194304,5999168895323013141,512,65536,0.0050000000000000001
ccf_v1_0564,calibration,30,0.999,0.84999999999999998,65,40,180,0,true,4194304,5999168895323013141,512,65536,0.0050000000000000001
ccf_v1_0565,calibration,30,0.999,0.84999999999999998,65,65,0,0,true,4194304,5999168895323013141,512,65536,0.0050000000000000001
ccf_v1_0566,calibration,30,0.999,0.84999999999999998,65,65,90,0,true,4194304,5999168895323013141,512,65536,0.0050000000000000001
ccf_v1_0567,calibration,30,0.999,0.84999999999999998,65,65,180,0,true,4194304,5999168895323013141,512,65536,0.0050000000000000001
ccf_v1_0568,absorption-holdout,0.29999999999999999,0.94999999999999996,0.75,30,0,0,0,true,4194304,5999168895323013141,96,65536,0.0050000000000000001
ccf_v1_0569,absorption-holdout,0.29999999999999999,0.94999999999999996,0.75,30,40,90,0,true,4194304,5999168895323013141,96,65536,0.0050000000000000001
ccf_v1_0570,absorption-holdout,0.29999999999999999,0.94999999999999996,0.75,30,65,180,0,true,4194304,5999168895323013141,96,65536,0.0050000000000000001
ccf_v1_0571,absorption-holdout,0.29999999999999999,0.94999999999999996,0.75,65,0,0,0,true,4194304,5999168895323013141,96,65536,0.0050000000000000001
ccf_v1_0572,absorption-holdout,0.29999999999999999,0.94999999999999996,0.75,65,40,90,0,true,4194304,5999168895323013141,96,65536,0.0050000000000000001
ccf_v1_0573,absorption-holdout,0.29999999999999999,0.94999999999999996,0.75,65,65,180,0,true,4194304,5999168895323013141,96,65536,0.0050000000000000001
ccf_v1_0574,absorption-holdout,0.29999999999999999,0.94999999999999996,0.84999999999999998,30,0,0,0,true,4194304,5999168895323013141,96,65536,0.0050000000000000001
ccf_v1_0575,absorption-holdout,0.29999999999999999,0.94999999999999996,0.84999999999999998,30,40,90,0,true,4194304,5999168895323013141,96,65536,0.0050000000000000001
ccf_v1_0576,absorption-holdout,0.29999999999999999,0.94999999999999996,0.84999999999999998,30,65,180,0,true,4194304,5999168895323013141,96,65536,0.0050000000000000001
ccf_v1_0577,absorption-holdout,0.29999999999999999,0.94999999999999996,0.84999999999999998,65,0,0,0,true,4194304,5999168895323013141,96,65536,0.0050000000000000001
ccf_v1_0578,absorption-holdout,0.29999999999999999,0.94999999999999996,0.84999999999999998,65,40,90,0,true,4194304,5999168895323013141,96,65536,0.0050000000000000001
ccf_v1_0579,absorption-holdout,0.29999999999999999,0.94999999999999996,0.84999999999999998,65,65,180,0,true,4194304,5999168895323013141,96,65536,0.0050000000000000001
ccf_v1_0580,absorption-holdout,3,0.94999999999999996,0.75,30,0,0,0,true,4194304,5999168895323013141,256,65536,0.0050000000000000001
ccf_v1_0581,absorption-holdout,3,0.94999999999999996,0.75,30,40,90,0,true,4194304,5999168895323013141,256,65536,0.0050000000000000001
ccf_v1_0582,absorption-holdout,3,0.94999999999999996,0.75,30,65,180,0,true,4194304,5999168895323013141,256,65536,0.0050000000000000001
ccf_v1_0583,absorption-holdout,3,0.94999999999999996,0.75,65,0,0,0,true,4194304,5999168895323013141,256,65536,0.0050000000000000001
ccf_v1_0584,absorption-holdout,3,0.94999999999999996,0.75,65,40,90,0,true,4194304,5999168895323013141,256,65536,0.0050000000000000001
ccf_v1_0585,absorption-holdout,3,0.94999999999999996,0.75,65,65,180,0,true,4194304,5999168895323013141,256,65536,0.0050000000000000001
ccf_v1_0586,absorption-holdout,3,0.94999999999999996,0.84999999999999998,30,0,0,0,true,4194304,5999168895323013141,256,65536,0.0050000000000000001
ccf_v1_0587,absorption-holdout,3,0.94999999999999996,0.84999999999999998,30,40,90,0,true,4194304,5999168895323013141,256,65536,0.0050000000000000001
ccf_v1_0588,absorption-holdout,3,0.94999999999999996,0.84999999999999998,30,65,180,0,true,4194304,5999168895323013141,256,65536,0.0050000000000000001
ccf_v1_0589,absorption-holdout,3,0.94999999999999996,0.84999999999999998,65,0,0,0,true,4194304,5999168895323013141,256,65536,0.0050000000000000001
ccf_v1_0590,absorption-holdout,3,0.94999999999999996,0.84999999999999998,65,40,90,0,true,4194304,5999168895323013141,256,65536,0.0050000000000000001
ccf_v1_0591,absorption-holdout,3,0.94999999999999996,0.84999999999999998,65,65,180,0,true,4194304,5999168895323013141,256,65536,0.0050000000000000001
ccf_v1_0592,absorption-holdout,30,0.94999999999999996,0.75,30,0,0,0,true,4194304,5999168895323013141,512,65536,0.0050000000000000001
ccf_v1_0593,absorption-holdout,30,0.94999999999999996,0.75,30,40,90,0,true,4194304,5999168895323013141,512,65536,0.0050000000000000001
ccf_v1_0594,absorption-holdout,30,0.94999999999999996,0.75,30,65,180,0,true,4194304,5999168895323013141,512,65536,0.0050000000000000001
ccf_v1_0595,absorption-holdout,30,0.94999999999999996,0.75,65,0,0,0,true,4194304,5999168895323013141,512,65536,0.0050000000000000001
ccf_v1_0596,absorption-holdout,30,0.94999999999999996,0.75,65,40,90,0,true,4194304,5999168895323013141,512,65536,0.0050000000000000001
ccf_v1_0597,absorption-holdout,30,0.94999999999999996,0.75,65,65,180,0,true,4194304,5999168895323013141,512,65536,0.0050000000000000001
ccf_v1_0598,absorption-holdout,30,0.94999999999999996,0.84999999999999998,30,0,0,0,true,4194304,5999168895323013141,512,65536,0.0050000000000000001
ccf_v1_0599,absorption-holdout,30,0.94999999999999996,0.84999999999999998,30,40,90,0,true,4194304,5999168895323013141,512,65536,0.0050000000000000001
ccf_v1_0600,absorption-holdout,30,0.94999999999999996,0.84999999999999998,30,65,180,0,true,4194304,5999168895323013141,512,65536,0.0050000000000000001
ccf_v1_0601,absorption-holdout,30,0.94999999999999996,0.84999999999999998,65,0,0,0,true,4194304,5999168895323013141,512,65536,0.0050000000000000001
ccf_v1_0602,absorption-holdout,30,0.94999999999999996,0.84999999999999998,65,40,90,0,true,4194304,5999168895323013141,512,65536,0.0050000000000000001
ccf_v1_0603,absorption-holdout,30,0.94999999999999996,0.84999999999999998,65,65,180,0,true,4194304,5999168895323013141,512,65536,0.0050000000000000001
