case,canonical_physics_sha256
ccf_v1_0001,e48e9618d53aabbf37164ff47ff28fb88d64fd819f8225e3efe1370dc6334ec1
ccf_v1_0002,a869d4ff9e9a38fa6537b339ac7cc453c8c23ffc74d3304153dbc802d846cf63
ccf_v1_0003,99cf6a667b55f34be23b6c925753d5f15a6667c74f47e8b5e3f63e0b3bb7b37c
ccf_v1_0004,9c211f44b2c87ec535efcc48034ed82cf30562ce9481faf62e981e93b36b6d57
ccf_v1_0005,f0119930d53334e4f8d3c4ccd44df6b22351b25451bab1dc464141a6aa76d37e
ccf_v1_0006,9844d58f05716476def2577eff40e049cf227d15d50286cb54db149d2a257ff7
ccf_v1_0007,2ad8835739c9772e3413446d0096f06f71f0e5317bb283ce78f539b44db65942
ccf_v1_0008,d72a86b0de4b0551b8e8f64e30613e01f9612b32a0774f01bcaf24ad924206aa
ccf_v1_0009,a1658281c294fc8a90b998cb459aadd0c7308f903fb1163b839b53720c2bc53a
ccf_v1_0010,8ea4dad5df6a5e78e1d270fff2152eb327585963b664d21eeabd0f740dea381a
ccf_v1_0011,496c1811fdec3819d8719a421efce2d7abc337edb434815b4cf933a64b5bbd6e
ccf_v1_0012,376c3a627e097f005a6995487a1d7c0a99da582ca5c1caa0b80d5d42434fbde5
ccf_v1_0013,728e78012898e06518a4e1c1b35c7682f0d41bbdce9c73cc6bfe377886e8a8d6
ccf_v1_0014,c6958bcada46b66711c105a28674ba9f33387e82960fb626644597b15658e72f
ccf_v1_0015,2caf19ebff612d37eb3d02323024b950e3a473642de2c5d5cb2e796eb2015414
ccf_v1_0016,942540a063f61c07348828b0ab32fd748171a75dd61173fbcebbe2bca776c361
ccf_v1_0017,0d121810a4b3ca12164c5f2dae597fac8a2a0107ad75cfe6b6d62949c2538f06
ccf_v1_0018,ed6b09e3b58186fb551f254891427bb3af9f26235fc90012d6c0df9cf712928c
ccf_v1_0019,e1c0b04c279420d75f95471e0d886480df3c4bc85c170e14da5512e2aa3362d2
ccf_v1_0020,01638101cd2f5f7730cf336e9643515fe0bce70ea513c87e37873c72aecaa2f2
ccf_v1_0021,a746337dd97102e1c943a00c5b26075cabefa1c0c8d6ac1b0bd5e8fd28eb648c
ccf_v1_0022,5982615af4195c6326e7f499eca6233a138728a29385d68d86d322179a2365f4
ccf_v1_0023,9f900007edee54e48365ec0155bc547b7ab6cd618bcfa10172f093fcff9ac9aa
ccf_v1_0024,e5f5e9dec3f3054e1f9bfbfc3741ddab2450a898ee43b25724999430f4c81114
ccf_v1_0025,48033999c49e27c0e476354f27b9a4f49186aa092429e496ff5e83dcfb7d46d2
ccf_v1_0026,57c53106a1cbe2d661bf20d11a1593bb5284b8d65c0b373f4aed619e3dfb9d1e
ccf_v1_0027,c1db3e1c39eb82940e42f8c5e83a55a9244303fca4f51c21b868db3cd7e226da
ccf_v1_0028,0300534d8c5b82fe41d548563fd5823f3294512ae3d90ab1918bca7952313b7e
ccf_v1_0029,9cd034f5b502d82bb19419abd59d0a7eb3adfad03f07b2db9c5081c85911fe3c
ccf_v1_0030,ee84ecf7d921f9bfa009270ebb34b510570856398b02911528c5097b0a3e951c
ccf_v1_0031,9ca37b05d55f9d5b12c26914c2bbd192be937e6f5597e3c64684cf8ba1bab6a4
ccf_v1_0032,806153f0caa0ff25d9c2ad353f6188c302fbd12cac94a3bc5a4e9d518f6dbdec
ccf_v1_0033,f379c6d47c77710dc3e5c04893d3f3ebdc6ba7e19d928b1718176290af44cc25
ccf_v1_0034,0bb59ba6ef1713215936df5da4983107788b6021aeda341f9d60d691fe6938ef
ccf_v1_0035,1cf60ddaabf7ac0f8c42f3482d121c1af58095451f0fb7814c47911bad25f900
ccf_v1_0036,96223ecdd38726c049a58fecde5e4d05999e1268c55319ec8a7050fdaeb331b3
ccf_v1_0037,6a5c70f932ed229cffc3e3c817f3b536830a13b0eda732614bff25c43c707198
ccf_v1_0038,330625816872962ca171c820ffeff2b69cf3fae2da13bd2d2d8514aefb2be472
ccf_v1_0039,dd4f88387452a99aca2790693f421d7b12b0305d78765298f1a8e63dc3e54635
ccf_v1_0040,c61588362f32b127e818874d58b35127655efa3d6f67193b3a0a6513240b1be1
ccf_v1_0041,d6cd7944911db31783677fff184bfe3a736f2deff361b13813884d175a153f6c
ccf_v1_0042,75c430b0bfec10d8814436b30651ead0a14886af8bed0b4650b8856ade387808
ccf_v1_0043,a5d9b035760c1eb91ce9bbbc8c14505b6a3d32398cc0bc8a59c8d8ccfe7ad475
ccf_v1_0044,ddc33333e640a3313ec3db961fab68aefbdd8831c6e22548f7109e821d06517e
ccf_v1_0045,ead45c0f76bb3b310bf1d1d56f7b97e8361f17f93c970eaf6032a7803ceb654e
ccf_v1_0046,0d5bc163456b45adef63f247de0968b35025febb670da8063b504a69c9d47377
ccf_v1_0047,0f2344bda4c505c4dda99e0f664fbc0400fba0c8017c426143a7b75c9c806751
ccf_v1_0048,a1a3d76258cfb1c1d827839d9dbb4cec9f1b788e2844dec0d405f292a15c65a6
ccf_v1_0049,a75b0cfaa9cfc5c89ee48b69414b5d3b4b732df8c7d011211fcaa9fba7d2be02
ccf_v1_0050,b81bb544e29f0ded0726de0ff4576747fc2ab2d10fb1bae1fdf2616907ee31d5
ccf_v1_0051,af6851d9388c4c54f59a7ecc750d76ff3b50b36b9b22add9f0eb1e8dfd86e398
ccf_v1_0052,b62d669353db455d785ca485873afef916e17346feb4bcd76a3f3844aae61fdc
ccf_v1_0053,fc9c2e1a700dfd99690401c57460c1b68ca686f32197f719ecfbe307b8f5abdc
ccf_v1_0054,4edf15ac5f66f4bb4ca11e1d6beb640d69763c2e00f364d5c3691dec8e998415
ccf_v1_0055,0d190247edbe1da91bb13c89cd8b6a7802d6c3881060a1c6952e4d45aa0bef6f
ccf_v1_0056,218016fe7da64441d25bea8f9e005b8d2f0f948e59e987d46245224f2204ca26
ccf_v1_0057,c2c6ff008e175d004a336c9aa9e450c0e95a14b253b73e465db13b4fead4fca2
ccf_v1_0058,cad9a758a639b50fbf7e024440d044dcedba5adb148bb0528df2fd2cb80a1595
ccf_v1_0059,fb85772f4926373df88ac4dc16f06f57590f73f9ecb48437ea0888aad439c15b
ccf_v1_0060,af21b2b82da393ac535c09715009c6fbbb97539cf55d120d91a9db27a3969815
ccf_v1_0061,58ddf3d0e515fb5afaeb00dc2beea5ca64992ec063db0ab194755e6c80d458b4
ccf_v1_0062,407c3d8c6582c17334fbed28f3aeb1beb2533acef7f714eb5e8e0dc49203fe49
ccf_v1_0063,5f81d7b854cf4468cb42b954097f22c65e6430e459ccb4475a20b49cce4e16cb
ccf_v1_0064,d24f04e3fe0180b1d4ced512627265dd8ea2fce92bf82c0f5dc3f8c4612c1ba6
ccf_v1_0065,ed86bbe2a9c73eaf8536d96f94a2ca8ad4e61b9bb54ccb59cc99ce1f94b907d6
ccf_v1_0066,15fe60bf2d4dd9d89dd9398e99f33752017e9f432b851c4f2c802a9d5c29f4ea
ccf_v1_0067,4cce5f3eb0783feb4307770bd6538d18659d38d5189e0c8ae1103f75483e6e7a
ccf_v1_0068,fcbd8652fb5b913d3b8113b6744db7f13a9eef4ed420122fbd17d5c2084f50c4
ccf_v1_0069,dc5df9d94a6337189d3e5b8bd285fc9fcf0b0b324c8271b5ae37aedbec7d2b47
ccf_v1_0070,ee5a2d8307587b970bbff12ca89c5df697870512617c3fb9563475bb237f29e3
ccf_v1_0071,d25dd1b3f71528b4603a84dbfb835cabaf29722f629f2eaadde261cd300bf377
ccf_v1_0072,2d0189c3d9f23ac73f8fdc340a3fe68052ac771b1f965fddd73d294fc58ad1dd
ccf_v1_0073,055db149ded6bc5c1ad16dc18de154899017b1c3ccc0ce4f34bf6b80dd75ad1a
ccf_v1_0074,46e96da4b4cac5f15d0e44804226db7b5c0cf5fbccb248a6e7b9465c8dc498e1
ccf_v1_0075,9abce672941ed01547ea2e46025b60b6ecb1031653c9e8e8fa5fbc52b77bff4f
ccf_v1_0076,88175ae9d72512f471ff12d61df21345c48a9ce738842a734e5524762feb71ec
ccf_v1_0077,cf1b0c771c18b5a89ed46508edcede9e2c5dd7ac5f6137fd8f40befb403e65e3
ccf_v1_0078,cb677fd44f48ad4b16441d61f45dba9dbb8c7f611de90e955eec63e41e698b53
ccf_v1_0079,cd7b3db8cb98bb04a7614584eb2ca2cb882e5c1df0dbc66aeec012bf1399ba57
ccf_v1_0080,0cc7c2e25326d37f30bb81a9b80231542ba1f65d5864ffd55fd6420fad4c49a4
ccf_v1_0081,50199439aafadd051cd44b11f9bb0465eff5ca22e068e0bc44cf8fb7634d56c1
ccf_v1_0082,ab9315c004e5e3480b71988904bef8a0aa8126c7ea8f38cc4b20a6a024e2deee
ccf_v1_0083,03e174456cc0d585bc986bd95c3bbd300eca14f6179d7c0e2b6a96249492d4ec
ccf_v1_0084,306c4b0372f86f1faa52c914e041523f8fa073a6c5848bf23a97f25b81f9037e
ccf_v1_0085,88d47a42f1b845ce2e8b817a83e81130ea37d9ba2ba7f2eb7be2a035c25e9e54
ccf_v1_0086,00649886bd31bca50d05bbd61f2e285c8281993cc646639c02bcf65d28ed53e4
ccf_v1_0087,7a21033f1f240606ea2cb12ecce386ee3491fb4ecb146b3262c44e8176374761
ccf_v1_0088,82c575d319cf2cae299281f98dace57484258af05321d2216df8c73faa63fdce
ccf_v1_0089,c920097782ff355860b5bb2067a5e808967053bb2cfb427ef1cc486c2b8c2707
ccf_v1_0090,1ed9e44c6b82585bd679502efa3249f3e5fabae28cc364624ab6828410b188d2
ccf_v1_0091,73e5e905b702461ca797bf005612dfa63672014ae6e77e8d48a01d65704de9d5
ccf_v1_0092,886dd041e5e565b8ce19c17f65c5ff1dfbc5c0a9107b62d357692e8cedaa9640
ccf_v1_0093,7e18bc456d5b77b666d4d95f90fec7610e6fb82068c0f73d2a5fb02e121a813e
ccf_v1_0094,5b72c1df3ce7701f412b6f5613ed2e665d8abd7d49a82257897ba03f4dac1550
ccf_v1_0095,13496295d0a51d4d7a931339b1e1cb79d99d13876778044d5b20d6c0812061af
ccf_v1_0096,c8819c1b1ba11909f31decf46ac8631d0e608235a958ad10a045a922a2238e89
ccf_v1_0097,b52f8b04fe85d9359776817acac197205541f92f8b6333814c961487618a37b2
ccf_v1_0098,0f603bddbad1c1c31931b45331b9d70f7ea919cc2675c7b7c05155eb1522295a
ccf_v1_0099,ee5c12b2fb93cd2f80b8ee6d3241d0e37987bcb435a108ed402e3787703e8168
ccf_v1_0100,39131fc626fea4221ac231da21c778c3320002198d1a43743e3390897d479518
ccf_v1_0101,72004871d7bab7b618339af550d4516003b8371c9f42511f1561e235c3946a11
ccf_v1_0102,6ba44dc0a3ff1d0a6f96689d954ead3762b40b4a9a0df0e4919d4744e7085796
ccf_v1_0103,6c4707621b1fcf453583c599e0f6fa44bcb5d7dee5abbbde525ed58e8eab46f3
ccf_v1_0104,dfe9a1ce01bcdb0c9785db5143956dd3594cbb559555a5d9e6a09d7f257b8a57
ccf_v1_0105,1d7cfba68ec084de7be3ae3ff94f9324235554cf79d1bff3a199b83376408152
ccf_v1_0106,15ceba89f8c8678cfa945c53be750d932b38c6e4fa4b8a574ce3eec8c252cb4a
ccf_v1_0107,28fd7206509b5bd66cd01dbccabbffdae22e1a04da8c4caa8fd6a51917419493
ccf_v1_0108,a200c2e70330416c4b53fd0710f0df03ee502d3ec19164c15844d092e6fff7ba
ccf_v1_0109,90697687e05dfc4d311bcc442f8cb82e0a63bd1508841a6ff4d4bace91ace1eb
ccf_v1_0110,920ad374794bb80db7bdb85e1870d10d4266a37bda7c9b932374cee6cb468c84
ccf_v1_0111,e1d1566971aa8b449a07fcf8d5031bedb876a6217e5d79f563fad0cceecdff03
ccf_v1_0112,bf7f507d15c88e0b24475999277e34c7250ac406a7de51293a5bbf5e5b971bb0
ccf_v1_0113,70765622574c5b7153c4db26a5a0821e2f016459554164f0727113cce9bc3dd7
ccf_v1_0114,b5b7bbf600bfe3039f66711b1403b78543678bd8a8d940aa18c535f94a146060
ccf_v1_0115,aafad45299cb8122480f5d1c4ec4fff023ac1a9b2e501e7473df4135800d4f1a
ccf_v1_0116,53d82cd9dad5698a8bc5b0c43f3700d42af458b522c65f4a96189e6985d67c17
ccf_v1_0117,f21253ec3122b48149bd4d735f7ecea83d1e2abe70de78bf1deb658dc5c567e6
ccf_v1_0118,0559a0c2f61fb5da73c7e428ff297305ea4401456f79776c57d4998915832346
ccf_v1_0119,d5d00933669d7cb0d268c9dc9b10dd30bd09bf47d1d18ad2b5caf6195a0145d9
ccf_v1_0120,692dee41204ed3de23463b0df4f3af76dfd7e9e7519f62df851d692881ee218e
ccf_v1_0121,0301e28ccd015e28b1cd42afd07c821f8b5f1c3391197a90d02243265c097849
ccf_v1_0122,fbc54d3a956c1123e982ee4df2737d1d38c7d9e46636dc1377bd95e70380d6d1
ccf_v1_0123,b3e0c555cca190ada87c493779564a11802c152fdcd127ffb8b4338e189af388
ccf_v1_0124,0d92e6c5d1a447dd0c4048e1fd8e30c21d0aeed968a2554485d2550edd7ef7a1
ccf_v1_0125,185627d18598dcc9c24847ec5c82bb6223cb6f41e9883244730964242142267f
ccf_v1_0126,d3014b805f9f852a3903390370fee5beb76adaa4078895bbd7cb47914383533d
ccf_v1_0127,be65f41733260348544ebc655153c504cc800f82a8e35c5199b89dd069b0de06
ccf_v1_0128,0067553e0b05e51fd6a72cf1d21bbdcc46344634ba19918c7bce852a4a356c86
ccf_v1_0129,166b2d8d5013879e0efe4a994304a6875cf10722ee0a1ddf5fdeee528ee5ceb4
ccf_v1_0130,aefe18ae256cf5d2764b1972b83e1643dc6ba59fea637b07de979b155de75742
ccf_v1_0131,8db346eb894878d08e04b29eb7854c22373e14abe32ee2684cbc373805ff2b5e
ccf_v1_0132,ab11f6a9a5fce8e30f001ea48039c42fa72758554ace30b653089e87c6815521
ccf_v1_0133,1b89d2e05610d17542a5b2ca017066ff9c81c4d13ace5c5a10c35e49a5bdd283
ccf_v1_0134,b3bd823e5b81b1cc6013b67dcc275d3748b8f70308e3587778d061fc5a69bf28
ccf_v1_0135,d756314847756136ad0cff89b520d94fd59b0696eee2a89d15dd885933dd9c53
ccf_v1_0136,ae73465a53310c8c013a0aa4ca4108adb415c5721eca8116f467cf5d56940c70
ccf_v1_0137,0abbe844d87a0559148cb597c48e9f9092bb4fac73223324fb0280507facc529
ccf_v1_0138,74466de6a62f8675402b134256d9f8d522dabc456cf5bf85b87b74854bc5bcff
ccf_v1_0139,27c3be3346082111d01fa8d36602be29f6951e9e3148a2ddfd27b435168dbe7e
ccf_v1_0140,0f2478a0af0d41ce1d31a49fdc6bd9721a1efc7e27b3fab2b3924860281b2dc4
ccf_v1_0141,e693e83c074fc344f99f1b3f82da67892679f2f464c6084beaeb0c3e6aba191d
ccf_v1_0142,fc7b7671e05d632d75e974845c7f64ba21539c252198416003f193607195cae0
ccf_v1_0143,650d0417b57d4a99b47dd7fa8205f2888f8225b79d3fae667516725aaf36417c
ccf_v1_0144,d820637c40d6cec27105739eef318a64802d9ff29c6d5a0bfb9ed4b05f40a3d1
ccf_v1_0145,f6d62db1d04de1be5219686d4a299c10899fb314f652a13f719b28547da39151
ccf_v1_0146,bc877d05d254731bcb05931467c6458a0c4a0ed669e8388ad92cfed7d104070b
ccf_v1_0147,2a663b8f79ab07a33880185575cc3f90c6fc49d236b3f3802011fe6867efc885
ccf_v1_0148,8de1716cdfc0a3f5dbd1681c24ab132cb33d370c8fac663d7b8708e9fe94e0c6
ccf_v1_0149,bbf40df102f22823f0830cf667a60d948dd4b87287bd3cb7cbeb87d780ab2204
ccf_v1_0150,897dbed1d902eea0b12676ed3bf7fc4c7eab6ebd1a0f99e498509164effd5876
ccf_v1_0151,e4e7a6def568486011e7c0af7fd20908022b6ef3d041dc1dd8d278d19cbe089a
ccf_v1_0152,a7a022e7bd36b828f57c89ade831723706680626de06547274d3766f2bcacf82
ccf_v1_0153,c400cbf685a179dc6dd3d92b9c4e416b5eaad94a361cc8b2f4294c35d2eb470e
ccf_v1_0154,b17a41950a37b39f31ba25917f2ccba1c23a6459c018eb83025c168beab6e395
ccf_v1_0155,9d1d1dd7662d4d28aeaf18fb1f9ec796c005e379f4b24489255a40249e82223c
ccf_v1_0156,35d6b38fac2de5681330bef8753297f4c7fb564d0c9bc842967be3b651c99b54
ccf_v1_0157,9849cdf1e6af2b2c071310256990c880d00d08b8e92e8ddf6cff9c77d62c61c8
ccf_v1_0158,5016bccd00404bba3e1b3ae248ecab6723b715012f35234da9c15a4b5bed58dd
ccf_v1_0159,6fa673c1944dfff7e1e3db954d566b10d6184671dd12b05f46b074657ec627a4
ccf_v1_0160,f7b37599b03fb39f480c8461cff801b1ec0030704c315bfd4f67435f79a10e2c
ccf_v1_0161,1b968e91d2b382b38a6a86fec27262e30249b2168be7ff08172a1b887b4104c8
ccf_v1_0162,2c27a1f98fa09c379d9a0e028ceae02392eaf6b68bc9f0de1f61990c3914926d
ccf_v1_0163,dc985747747704fd34244b30f875f8dc5588b74936340e01b64719c2eb7130b0
ccf_v1_0164,f74e4f01374c0099fe640b802ae3fb40249967e8adaab34972e009ea2ef0a102
ccf_v1_0165,99cddcd07e1a0fea2427761ba6be5fefbe9dcfcc66494d92768d46067ba47c23
ccf_v1_0166,c7d09addee9d7354a5895382933c2602541edbbcefc36fc0b9683c9454556319
ccf_v1_0167,2288b25a962b894fbfc8e65672a34a5e8c00b8c0fe0a38694cf6fe75c02249e3
ccf_v1_0168,e182a634f6eb1d344db18d243eb5aa0d10e876ce58add679f5f85f5deddca48d
ccf_v1_0169,13bffd7181418d7e40f3c44e9393092031e6a5dc0a8260c47e84a62b1cb3c9cd
ccf_v1_0170,2b0a572c3f2ef1a2b4f8f3e9229249514366c2e0763b4df65394c14655b3e2d1
ccf_v1_0171,cf617659f103eaaa718d74e971b0deec837c529cf3abd35bafe4723164e8503c
ccf_v1_0172,574368c3aa96fd6e8fcfb37cee1082822ab5bfc089cee6dd3b2d5b891d926697
ccf_v1_0173,031efbb296e0f92960dae318c27e0d565401f22273c36c79f1c39027b198fa28
ccf_v1_0174,7a2469ffeecf3a3dc64e55bec7e7cab22ba2207cceeea1ffaf34af9a6a82b862
ccf_v1_0175,947bbe5fdf5bfd4f3037c41bd2c2014598308f694f2c9ad2b477556d898ceca8
ccf_v1_0176,40985f8d7f71033b1a77567e7a829aff047181cfed214fb8fa5f68707c7d855f
ccf_v1_0177,8ee89fa39626448e86a6d3fe99e6bb17a0369c78c359f552582a922dbf79e31d
ccf_v1_0178,5aaad83b65533350b37453d3e2097ac78d8fba196800f5a51be8860e9c643c70
ccf_v1_0179,f0c1f49d9787848a59db63d476de4083d7bdb5a6f67fd0ba92b0c3e9db73c92c
ccf_v1_0180,38e8be60771843a6ce83ff85a695fd864fa6edba53ca7450cc8ed57f5fd2a440
ccf_v1_0181,ea5e757770b4534de072abd3f4a67f8b67f4fac8eaebf53eae1dcae03f2ea8be
ccf_v1_0182,accb66c3d28706cbfedd6ee4e64241e8015be568314bbfbb431edc2740c35351
ccf_v1_0183,bfb8c500ce25ff746059144e69b6f691a8edb8c1b32d50d940c4f3d3708d5548
ccf_v1_0184,435b8782c4bfc2febcff8b45d406bfd804824060c0fc60e4e24553a873a1188e
ccf_v1_0185,2e15d08343e3fa1642afb58d1af3160fcdcc9222b19a19737115dbebd5118411
ccf_v1_0186,de07f9b112ec3a798b7e230472d3629f1ba0c1a6bbfb83c2c2824242a53f18c9
ccf_v1_0187,4e6e81d4b667b54a95f6a010ae497e1580388e6ac70c709e2cf62204d6807b4b
ccf_v1_0188,e6d56becd8fae3aaaaf164073ae16f029c61ab706944be0b17482b6cae034899
ccf_v1_0189,34016438694c789dc4e14444e2e5612329e785e67e2f86838526819c08579628
ccf_v1_0190,4a368b250a07fb60bc20d7024b445e87e97d4a7c777a67a82dca31d3945d3ac4
ccf_v1_0191,bef6f78d78e65fdcc58a9a60e0191a71dab8569ff6a8eb1059e7a8e409a22f42
ccf_v1_0192,603a3d4912f849b77b43fdb5616393d158f255bb686d807303aedacbbb6732dd
ccf_v1_0193,8ec9ec6d994f2bcfdc0d7e356638f742c2abe4a49560e64412235e1b59756b05
ccf_v1_0194,1520908ec3f3077802c39803244be7ad066c6240be2dec86848449ec15ed18b9
ccf_v1_0195,7055384cd72e5a93cc81743431fd39c5c0753502ba2215a3e24cca352d821463
ccf_v1_0196,f425cebbce5f44b653e954d63bfafebf746e7a152bdbfc9a033d3b1673da209c
ccf_v1_0197,4973dc94aafeafea6a4e9b5668bfa157e60ca728863596c0cad2e03fd96b4036
ccf_v1_0198,dbfa14e095f7f2c0c0d110d3e0f2266975ff017b4e39eb99d26d805a715f2e6e
ccf_v1_0199,00eefa5eb0aead4e616a77a36849755445fc02e7cb6b67cb2775ef80ab20b6a4
ccf_v1_0200,6852da9828b8bc2be1ec4545e7c5ffacaf00cc4efce2e1f0ec6181ffb6e3667c
ccf_v1_0201,abe631104de600d66e9b0466366141b9d7022a3132b9d6ae4d73ee4a9db35ad4
ccf_v1_0202,94b20156175f0b5f556d5e84bb9bec49266cc458559f83ce7e471165907698e8
ccf_v1_0203,a695aed4da884c4104a82e36a7c056a78b6701f8c9b4b43abd3385440f629332
ccf_v1_0204,c3115757f02ff3b0c9974ee5a08957ed9d1218bec27e52790771451d9e70efd2
ccf_v1_0205,5a32736f2bf34e1f5f9a4c35cef8c2c12e4ac64ebcfb878d7b981204b3dd1b65
ccf_v1_0206,db2be0d5b04450b6e4492c2d711e78fc7fa82503c667dbcbf1fb4902db361dbd
ccf_v1_0207,a915f5b3b20707c9172963c9c9f707c3b6e886ca6070a585483991b509f9ea57
ccf_v1_0208,a3af648f28bf31f86504a59fe129fdfa78f28e1e5a855351c8764a29ebd76dc3
ccf_v1_0209,6cc2e40c07b60ea8b3a2f68fb2bdb94a318a0f86dbae02ee4aa09cbbc328dcc9
ccf_v1_0210,61f686fa33b2ae6529126a58a42ab6a10059748263b0b75bbd16f27ebb914997
ccf_v1_0211,812a420e8ac5795a95bbd46a7c28f151c07a32917c65776736d9f9133ec1c8c9
ccf_v1_0212,5ee1eb04e70db42ca0880315b253975ddbf0134ba3ecaf65eab78f7b192767f6
ccf_v1_0213,3aed35101102d2ccd53a9ff1d944d875a4bf0156a06a9a6c67282507f9a7d38e
ccf_v1_0214,4dcea73d55bdfa91d0ba2c899e64f74f63715016a45743fed6bca0b48a83aca4
ccf_v1_0215,a7c72924fb6feb3cace6fb70b77eb06bfa88cf87909073312e0f35871e7cd8c9
ccf_v1_0216,6e20a601d48ded2e69be411384a6b6f977a1414239c66d4dd936b555af16110b
ccf_v1_0217,91fd196c76f5b8d495ac6a78c2e061bb7c52a324d1f87cd6e4ff4235224dd4cf
ccf_v1_0218,77209c369de5c8f199e902edba718be4f2b8dff2001bdad977ad328ec93896dc
ccf_v1_0219,024067241f7ba0bef8ee5c86bb688c3b4d9cffee025ce6815db16911285fef9c
ccf_v1_0220,2b3a5540941a2f92fb3c10dd808311fcdc4c55b1c3d478f899164f9af4aacea6
ccf_v1_0221,26344ede4a7006d69e7eb43b06539f658073a3f246f48d08c8d435ee7fd26a5d
ccf_v1_0222,b182e481fcfb6a24c9a70aa4f781e1ec56771beea07bbf1a4f593c1389e47217
ccf_v1_0223,3415521cbd02ba1ac11292db8fa16abfac21b17bc8dccd69022f9cb60d1a4f63
ccf_v1_0224,4557ee3e1bcbaf6f92571280f1690a61bee4504242517bd0ab7f2288fa225261
ccf_v1_0225,5e811759b3dc3d8c6fc493627c673b37587dd22a272ef23274606315b998b4f3
ccf_v1_0226,6bc474ff6698ef389a6d3774e7fd187b315b6eebc6c7a2bd496e2614eebeabff
ccf_v1_0227,df110b8b88cd26562443a11e7c32c8fd6025b64c3a399ad0b2099c68ead5412a
ccf_v1_0228,84714bf99dc3a0192b70913af88b7df29b61b10f31b1612a946bfe68626f27d5
ccf_v1_0229,ebd68b77e1fc6171ca3f326b8cd148ae5f06147959c30094f30baaddc54ec2b1
ccf_v1_0230,c5f3e25d1ddd698a44cdb6748dadf7e535532a9433f679b9ff244028891de6b7
ccf_v1_0231,a7327ec36a1f6d0751c6293be8dd629531031c8348cb7b2d1ae1fc88716a51cc
ccf_v1_0232,fafc56e5a1612b2f46ed9b234c7d18a5ed88b4c0f5cf003f08250dcaa101c3a4
ccf_v1_0233,0b2eb13ea9c31ae4f602c66c1cdc2037b034bfb3b5eda586c04d494bee710707
ccf_v1_0234,d5a768b15cef5767f64230e243eae999d190c190ed4e8ed0ceb7f51c25c080e9
ccf_v1_0235,f51a5cd47fb7aedf7141f8d47a159ade989318acbcf5d2c5275a57f661fd2ffc
ccf_v1_0236,68b95e23356b52640cacbbb9741f579814ecaae389f4b69c61b821040dcaaa5a
ccf_v1_0237,5388cf2401577e76e31860efb86989f119215bf87dfa705e8f44a4fb20449ec9
ccf_v1_0238,8b04a41597d6e91e645dcf9033ec685a51d01fbb8bcec0efccbf18be5cc5c9a4
ccf_v1_0239,889f18ee5d8c0a8b8ebbfff145d59a502447d3b496eb6f87d83cedaa97ae2ba9
ccf_v1_0240,9de021823f203dfadad857bfb0ef0d4bb04865401301fd7ab5373d302a9c9362
ccf_v1_0241,62085d5754891fe9f166c4a952168d242113551224d3a44a2075ec4ad46f978f
ccf_v1_0242,86eb98bf1d19e8314da182382efd001d988430eb7c855d24a8c97ad4f781f101
ccf_v1_0243,01288aa7ebe9a4a9596a2491b13fca01327a0695d8d78da8456d78f15c65ec2c
ccf_v1_0244,c4b5b0f79e8be3b43a27c5a1be4e83da2e29cb41743f6aa625e5af08ca0af898
ccf_v1_0245,7a747a064d4c2fc099710f5100fcd730f0766bc5dc60111c71ce039f1587767c
ccf_v1_0246,949776da1dd5bd95c0beb60c87feb89c52590074c739abdd485510d219aca4d9
ccf_v1_0247,9f39584d2e2da8d1252d40368eb52b46637406b50b6cdb1ae172f03de025eefe
ccf_v1_0248,5c19e9a263060193527fbc8a4d902bf46bf0823a3a0f352764c2dc103a30cd7d
ccf_v1_0249,7f88fbe4fcfb0f5b076a438b9b02b79250291327c5470f7cecdb08f8f2aa7c04
ccf_v1_0250,96b609bce97dc53571c0c10c3368f3291ab1fae177a922f15fd1a58fc5dcacab
ccf_v1_0251,4d82ee42b28fc8aceedf09c8e844c620a533cf16b5620d55a8134181cd690baa
ccf_v1_0252,ba2d5741ed4a619f6208657f23ff454830742331a690e81103e6b8626323350b
ccf_v1_0253,481097a33172cd9fce6e56563a91003505522cb575408801906ae0a16bc00202
ccf_v1_0254,4c0ae30a4dfe5677bebfee47769c4e4c0ae414d16f9a9bf5929cf72c5359aabd
ccf_v1_0255,d6d773d9bb4c5d9350894e3d8d4711207f6a496df1fab8159c9499d7b81b4e27
ccf_v1_0256,0dd24daa6a6d8063374d67c74a8439df7d60a30c4f9d8a82d6fd90d9ad3409a2
ccf_v1_0257,ee49f078c1326194c91306a474dbc14b0d8e62f1e3eaeafe59d6661b2106f454
ccf_v1_0258,17dfd6a03d279eca9b3682f99717526d9bc80f933536b8dcbb1e28c330fe2eaf
ccf_v1_0259,20a8256c217a348c9b11c35214667fccd890e3a572cd1759b4daa3a7e54c09b8
ccf_v1_0260,6d8991b9f0b459c5dd3b20b440159645520c5325d3087835cb616d1db4d8ed92
ccf_v1_0261,81c220f17b26a40579b350032740d4f56c5c5c6fed9181591689750654f2e7c1
ccf_v1_0262,c3b9d73514fd39410ed22347e3ef09228794fe69404d05ce6cb0be5c3b924055
ccf_v1_0263,0b81050c4bb8e2a541df4752446bb885772d1fd26cd5fb1b1ee398ac0d4d195c
ccf_v1_0264,15c5b50f222179f59d7a8698de353a2578c0cd4f5b47867899bca6ca6090096e
ccf_v1_0265,a946e493ff597c2c2e28d170802282e99cc7a56cac20f8619628bcfe9823e148
ccf_v1_0266,41c58e920511fe3d69715f52c3c1734b35959744484638a81953086991168367
ccf_v1_0267,21e9cf84ebde7d3f6cab09ff001e5ec0fa74265e9c2ae349b3cc133cb6accc87
ccf_v1_0268,1da08ec1db33f5f4a15c463f553efb8bf8aef83bb341301ce55870d8ce3a594b
ccf_v1_0269,191809f170d9418f116a1481670d87b3d17243cc0ef4743bcd525bfce028d2bd
ccf_v1_0270,428ca428ae9e48e04ee64c7f3230775ee53e1de1a99fecade609c39b7d68d3ff
ccf_v1_0271,a5dfc1424d7af5c0e2176691062f2c94f61a1e29c33557af9a4daf437b77b79b
ccf_v1_0272,2c6d8be6cf961a0f2a9a9e3250aa444881af4a066333f21b923bf1c2f7b1e2b4
ccf_v1_0273,14845de1bfcb6536d96c576f37b6c6e5dc350876089e488bbda2bbbbb066048a
ccf_v1_0274,59036d1f7999de2aaa5ff64a3dd1761a02978936fa9f9e9b7c31135bcd14d6dd
ccf_v1_0275,0e93df9b5ac29e8576f575582a87e1166ec15c6c1e71118b109ce5944fcc6df5
ccf_v1_0276,e325b65aa915078ff8a1bdb3a18f5fd93dc396822b87b57e9c5c5e910f05edd5
ccf_v1_0277,74ebbd5beaee74b4987c53b1b60d3bb912f493f5633d6bb37332ddb640e84fb7
ccf_v1_0278,5b2f117a7b4d84b35374b5221abf4f8735910292739199b2df09e2554da7fd6e
ccf_v1_0279,9dbe51e47e94af24460f9949889322b0e8ce99f2c57fcd43f677a3fa2b8d17d9
ccf_v1_0280,96e31ed5df6bf73f4b43b69d48d30b8c933958b3bdf7f54733ec44a9742cf0ef
ccf_v1_0281,77f03f5c218683889c0c502fbb334d3dfece5cae6aad3687220fbf50831b5121
ccf_v1_0282,4eccb5fb8e252af558cb26ad2143542bd83dd8937b97e126a3316d998ffc072c
ccf_v1_0283,d735a4d6315fa027c5d3940db4c3d09a0be2a3155131f66a1c57f8b1ce3752f2
ccf_v1_0284,e7b545c508e16eb3161abf84b8817f0b6009c9358c16b1e92bb8a31a7f4a7a28
ccf_v1_0285,a63ff28dbeda0df88b282a7bdc4fc4100fcbac630cdc97c61327fc0c813dc73a
ccf_v1_0286,cf1895b90145f92f3c27785cd8ce56d7ee5358206955a2f6dc87c13c4feffa7b
ccf_v1_0287,4256b8ac211b5aafbf67613294368dd934ddeac1a94e8012682517c7930f4030
ccf_v1_0288,e11bdaba5e6fe1d793811323805be04f04437f2c40feb05ec1444604ba0caa74
ccf_v1_0289,4a1865f8f6b86b80cc89d6befeca75f9496d71a94f0fa8ab2b6083615f60892f
ccf_v1_0290,60dcb741219c342366b44220444c3f4633af539439860c5e28fb239761bc7ffa
ccf_v1_0291,0730ffcbfec99ded13b118dc0ddb4314c30f79c46eb9515dea394234c3083859
ccf_v1_0292,dfa26afd1c29cff282ad83da0659b23c4dbab761c3fa29373357e054f05e2dd5
ccf_v1_0293,545ba9154224f9cec370209a48f6a084deeff09975e6c6180f296411a3af34ec
ccf_v1_0294,eed9b3ef42adc54f6b8029a8ec469d52d255a63c9d62be3377f1a380b0b8c270
ccf_v1_0295,4854ebdbb8019259130b463e911d4d71441594a130e6d6616b93edeffd5e11e1
ccf_v1_0296,f69c561099b9f810efd3c6f4efb480d6c29ad65924dd8c5c0ee8dde782079105
ccf_v1_0297,bf6f7c6900c261fb7d9bc3223e5e7fdee91f2d82939a36d306db63987d0c435b
ccf_v1_0298,e3c1dbb0fcdc19dd81c8aea5d933ace1ae126d2906f541ddf77732dc98c4a6da
ccf_v1_0299,2605f8bb379eb861ced6e5fd5453a23bdc593196e04097ff09572e898b725416
ccf_v1_0300,0d44d1d2f047e8c66807e07ff81bd3fd52dd88d62ad61eb82723747ea140308d
ccf_v1_0301,b8f42b692f3c97f70918523ecaacad637547ff0c261cd4a92455f4bac00798a7
ccf_v1_0302,a81109f988dd3a46a126f3d143f6a9b9083ac3e91ac3678dca3ee995d2f819b9
ccf_v1_0303,edbaa3100e43109bf815d12a7fb762013be0e6b0ddeee156f7ce47f6d990d11e
ccf_v1_0304,c3851ed505898ac168ffbf8b3ce7ecfddbcfaffdacb18808963578cc2a0864e7
ccf_v1_0305,2e2149459867d007b1428d28e29198146ae4a896d2c65b4ef166d990001167ee
ccf_v1_0306,958e1341f33affa0f5bf8b1067deeb76e609d67510dea18ea1aa48b9165e57a0
ccf_v1_0307,8d8f6bcb2a73421901250dc3a3574ca0ae44da7e79c04f3445734163e43fc078
ccf_v1_0308,f58a2655ae6cae12e7ddbd3e81fefd791042f997b97dfea79105a04a4b7658f4
ccf_v1_0309,83e51220535a688f341b24fe45f05c10da9e4b853ad330188f008020c93a3780
ccf_v1_0310,3eef12fd8600c7a7aaa89d86555592bb81d4e25f97a94208694657d9442f8c6b
ccf_v1_0311,b0c2abbd3d642f9f58e5539e25d6ef174c0c56a9c5be36258eb5bf4f3e2ed7ab
ccf_v1_0312,5505ece8ff20f2758d60715e9cf34d9d9ff0263630b02303604468014a5ecbd9
ccf_v1_0313,e85f3fc8358b2409f7d3526edad53d17488227a4afadea2ad910079d015d81a6
ccf_v1_0314,cf78f7ce05dcade18f005c4256dee55675e907cff8f59383b6fdc935db170563
ccf_v1_0315,99dca9cc071c2a87dd5e4be6176e22c3dd720eeec87a3b936a92b676ec777850
ccf_v1_0316,56074adc370b499a4009379f31c5e1c4177d3d39e7f2cfec4737ff62eca4ae79
ccf_v1_0317,7c00229288f8b6a26c497df17c355e3f69cb260f9a41ed849127a37c1d13db67
ccf_v1_0318,e490ceffbf730938ba9df2c890cf9dd404c02e8060b37244d149efabe0253d3f
ccf_v1_0319,96a44376e7114fc7e2179d207530141cf7572ac784d0fcd440cc60dade8581f6
ccf_v1_0320,8548ff766720213ee89d3cd6136fe2c98e37b23c1e971cb0375b6de289061491
ccf_v1_0321,7f4acf2bacfde3abeefc77de5e25e899e537c360dc4bcf7db76900aa7136ea73
ccf_v1_0322,069e3d6b2d22afd943bafa4320f5c2886dfe6ab9f79c6b4a8bb489918c279850
ccf_v1_0323,edf7c95ac8999e36ff60542b38a385c83ab83357badd3715cd0f72f0af89c0e6
ccf_v1_0324,5468952f852cac4b22d7ea98b76195648ff893a8d72b478181580a0a402c54d8
ccf_v1_0325,cd03a1cc675aa9496f2f5a730e9fcb6cb66a87c02602382d8a5e3e01ff423dc0
ccf_v1_0326,55e8a6a8cc9d8ab48b4061c57b1ec2099d5c0f4aa0afc9c8925d4bb5aa622621
ccf_v1_0327,918594f6c0f955107513e7a203c7c07675d07e3e92dc287e052c4b414525a209
ccf_v1_0328,61e553532162c6a5a684c06b05bf6a39cb9a5ee5ccbcfc68b2418063d328cca0
ccf_v1_0329,9e73f11fea24398a396f7f8710bdfbeba678c4394cb3bc5e3fe105b96d62a037
ccf_v1_0330,32ac14180e760368c205fcfb4bb68642964a0722bbb199a09965434ba7fddf5b
ccf_v1_0331,da1b32ba772e5763347839dd35dd24b4a10ec70b07c85d88362ac864f12c8db5
ccf_v1_0332,fd3dd961b7415af367d7eebe1dffaa4abcc2b7379d93acd324d028e8d98c3bd6
ccf_v1_0333,ac6731b8816e177fc8b5b7fdba4a7ee14c4a709f21ed9681f25eb1dfa49a8cba
ccf_v1_0334,b76aa8347364f4a76d26225feca230d21908362d5479112c88d86e284decb1ab
ccf_v1_0335,9416aad26cc084e8052faba50a3762225709fe021e9697bad570863eab9efd18
ccf_v1_0336,26441b588cba99c640d65c37936963b5e92e8b899b470e54fd9dbaa47cb7bb63
ccf_v1_0337,87d594bb8ade480c76de9c59274c3c108827575a9fde38e2b08714988cdd00c1
ccf_v1_0338,efb8deabe01b7ed2feed9801247361cb312f3fc43430b891ff28618b94aeba02
ccf_v1_0339,e96941133e922b7584111b3bd67da865cfb9b85bef705386222cb8defb5098a1
ccf_v1_0340,491ae1e1209817a2fbbc8c40680ef9cd1d830e0b19a59a3c72d01626f4c6e2e1
ccf_v1_0341,7af9f35b4cf7b42ad44cfbb50a6b7bef924effa768528fcdb50680fd525c54a1
ccf_v1_0342,3f069de35932a1393e3d4a105b01fe3efc2c0f4cf0ea51329f127245e49a6eb0
ccf_v1_0343,072c1ae8413e4ec323783c11ab701d52c4eb645e9a7bbc13e2b952ae76d5d970
ccf_v1_0344,0da12d5bb7f7c7c4abfc0c025347c8ab7f113616f605679c5b3a9bf8f5ac2ac8
ccf_v1_0345,b18b9475083dc88d1f4f1978a88bab48b0868b6af5f8c687df75a4988416fb76
ccf_v1_0346,6d3710d914bb706d158a4780c5855c9f7098276c95dd764b78686d310506a4b6
ccf_v1_0347,8348a365e31aa08bf1c5a840c9b378b151fddb8eddbe4752741ce0cadd5a38c6
ccf_v1_0348,c806841b3404151073da3c5b2c14f60c062989d6676a8e6f5597ca757f9a3397
ccf_v1_0349,72c2e8f8bc3515bb0573eb114b8298befa89d7cd49103058fefab3e4802b3b41
ccf_v1_0350,7736097c9fe4256d81ba2fddff82868d4c8024ad46cb556bff9bb8cee3533253
ccf_v1_0351,f890ac5940a58d624c0f9f16d36f67183f03f570847aa0c09ebe340cb623db9b
ccf_v1_0352,5ba1da6dac25e04fade8977f6c140fc7c43bf52ad94ec1bce7c8120b48eb9fb5
ccf_v1_0353,a9e804975a81e698289aa47202426cbf57c1b9b85c255f01660bc341101ac3ab
ccf_v1_0354,494a4735f1b83c21997e3fdb6068411aac5fa156049f833028d714babfa9ef91
ccf_v1_0355,662fa5721e01bf2b7212bdb839d4393d2ab327e4466810d3b9238316445440dc
ccf_v1_0356,74863ea497be330113a47c57f328534eb220c76b064ff8549c33304ef25a5406
ccf_v1_0357,3cece50a5bc2c176fcfed873a56bbfb9432ed7871cdccac894e573f4b09f211e
ccf_v1_0358,e11a0cddc56ed166a2a67c89b2efff57bf386a6f51eff5790fcaaa4289561fe5
ccf_v1_0359,ddd23d95c3b9fd51b35f7ea05221672b6ab96b2192c695415c205668999785ed
ccf_v1_0360,63ee904bbf577d4f597ec9ce6cbef4d943f945b321e205c966898e06bee7df2c
ccf_v1_0361,ff353d145816cd70bf0e2a5178700ec333b083f177936a18e5aeea2f7f01e1fa
ccf_v1_0362,bfda5617da2402604a9cc7e979fee2fed552800ea41ae6f3692df41b848fd6bc
ccf_v1_0363,744735cbff435544efc4a64e833494c9a7b3741fe553c5abc076b0e5dc22b0b5
ccf_v1_0364,af143bd0209727d8d0d0154aa7fdf333c0d34d544478878c4d6fee51b21f62d7
ccf_v1_0365,374a5db84104cb7128112f28b7168f8046934e20c6409bdb2579f12b331b6ce0
ccf_v1_0366,29a92657e029b40e2fc833eff8e0c9186a15b39730f617bc5ce18a12d72e015b
ccf_v1_0367,b334fc16c60d7c7be6e1fb147b2ff2e2257ec86e363388482b4140465237b1b9
ccf_v1_0368,ca237a7590e1ba864cdc2e0f21ad065f0af762e85c82329cd1c4ed4fdad6f828
ccf_v1_0369,e4c35e42dedaa7020fb6b93e17e1296ed76e2a60c071971bd6aef8f7c63c96fb
ccf_v1_0370,4a10899dbe72839cc4f8938cfc5f02f45d98040d24ae408c521fcdf4185a2c24
ccf_v1_0371,452e236dc343544102b11f46654df5050dca156685b841ee9a4556f6c18ed9e8
ccf_v1_0372,13d0a6476a74481b1491d7f8596390ba2a665be81d9d7f725c3b2f6cd643d254
ccf_v1_0373,8f0692b3f2a585080f403dd325bc4d7f351543bd8051901908eba9bf4a018943
ccf_v1_0374,fb032c5d04767d0039e19a40d9ff6c0900f9e9ff7be25df4f4f6a189009aff3c
ccf_v1_0375,2c75f58cfbc9ff5006ccea1d593bcce146a9f30e9e8cd981d2b3acc5583f4be8
ccf_v1_0376,75fd15ee09399f2278a95e827e8f528351d4b8a5b4140f6bc9b3ba4e5b1571da
ccf_v1_0377,6a98ac622d112cc2389b3a79199ef76a2e6028d871e675a3a553bb85ad390bd4
ccf_v1_0378,7076887be6683ba53c583d74212f2866393d2d50b98a45c633ca52f2c71e2439
ccf_v1_0379,d01889a628904deb727dd0dbbfa5e721c5eeb80e9a40880ba0fe6a75346bbf6d
ccf_v1_0380,7c786c943ead36676264bf8797c56d5ac2ea3125136943b4dcb384ba149c6009
ccf_v1_0381,2f24deaf39e6653fb31965b31b6b966d88aec60fa5478ecbe8272ec7a7cf63ed
ccf_v1_0382,57410f994cfcc1cc329e6db902b7bb7f3f524de52d6baa90c86ae4b8e7ee34ce
ccf_v1_0383,bbed4e6ec64cdf2734e9147ad592412101bfffe3d68ed197874624ecba56f64d
ccf_v1_0384,8d6fe94dfcfa2043854228f507e466627dd05ff4e8ba0856ea606040f6eda1cf
ccf_v1_0385,e442ebba36822130f74962a1890035f934ea5cc160a48950b1c7e6c8082ccf99
ccf_v1_0386,9cc2e6311331cc8a4ecb20fdac29afb957234d668dc8d4acdbd691ed6c7e5b23
ccf_v1_0387,4c3b3bcca4b309bd609b311de209801647079b7c5996ffb3972fd20548db36ba
ccf_v1_0388,5a935edb7fecab0f10a23f72260b270344b3247cb5e647a904aa25a6a168f3eb
ccf_v1_0389,94c83c4e6d0878b399dd787ad0ffa009c8eb8a584fde2982442972d08b7e98ef
ccf_v1_0390,d197a396fb4e703445aaa5f0aa943d1a72ef4845ae2d2650c62578e75ccac761
ccf_v1_0391,0efa12b53279cf875227fbaae06aec7239ccdb6484bed26400480e930ee813ea
ccf_v1_0392,93cf51a759e04527724a3e3e0f5bfc4fe948d3d2107232944396b612924820bb
ccf_v1_0393,e70a6fb9a7f14720e5fa878a84be518495c0fb7f5bf846e1d806e8551d7f8370
ccf_v1_0394,5c0f2e46907696a5a56eb4abb67657c15a713696f3b66d5fc0b0353e0597b753
ccf_v1_0395,ed94e03a20fecd43d8ae8648cc538d68744744c66e036d089f3fe1723ec79dc2
ccf_v1_0396,cc7e5b73606c0abe7688e88837a564b102d990f05082a6556a5b09b5d44a714a
ccf_v1_0397,57af227500381812c7bf005f28df0d0cdafd6950cf43af2457b5c75a15534685
ccf_v1_0398,f16697d5d12c2ebdecde6ad2c73b4b870495a8180b43739b3e9b70fb2eec880c
ccf_v1_0399,1e1cdca87a82774268a9f2815a3fa77854464ac7003ff27abdd40dddfd431d38
ccf_v1_0400,d3c514fddde072fd984491e914ead51a7feef73dce9900e15ac6dc60c68e689b
ccf_v1_0401,c5885024ca5dcea1ce0542c0ff2e239f9e013d8a620c92cb9cdc325825d54f4f
ccf_v1_0402,86945a0e8b5af4eab6c82f71bf1df00eb70cff9d8268ee62b5c4e9e6950fa519
ccf_v1_0403,445992fbd279480297cb4fd1d20d8ae7e422734d95bceb95ec97b64685744f3f
ccf_v1_0404,2c4c9ffcfb000ffc65243e3109a61708ca1dcb4804e34e0d020fc1745f1f8b07
ccf_v1_0405,9bbd6fe0d26808c31f458fc1be7df315d4f1ae00fc351b422813eb1c867372d5
ccf_v1_0406,8dfed7787fc30f2911a1d44b0accb7102995773a49df134c4e119503341b361b
ccf_v1_0407,6f90f723ba3e96c0c7b11a3285ce910ec01545293f10135ef442ecfc86e586ea
ccf_v1_0408,a56945969a28a44c9753286cd0394c9d27e4315f885efe733f31d94334eead53
ccf_v1_0409,20b39946aba4ef3f964cb97f9151d39563687bfc1cc6210edbd60e94439f61f5
ccf_v1_0410,39d3605925a229b4b9d96b7d3785c4518cf3c5a2f10c7f98b117c9ba62f1ea4a
ccf_v1_0411,3060066dac1a4bb921b977426e1a21c95025349ec3f0c1bd190cfae3da772c71
ccf_v1_0412,bc111b72651329148053fbda5e14c3c6ea83324b7f35fd75849e529569146ef9
ccf_v1_0413,5d29537e676d16e0064ce94c59ed46f4d112e4ab62a46cadff83e33cb1f2a692
ccf_v1_0414,87b26b38e7a14b89c364ca227f928f4d6d364b4f5e03254cf6a3983520806323
ccf_v1_0415,67c14376cfc380a4985398a00f81ed86e2fccedcf68a0d92c7e889991c24290e
ccf_v1_0416,a6dc52eb7675c08c5234965adecaab8524d2abd4b1d0baff9d67940370b9bb17
ccf_v1_0417,ef1152a09b351ea242b13c86d4658e9570186b7a926343d996379f5a7655169a
ccf_v1_0418,d1a04e27a65d009d290e44543a439c2a2c9776162cdd252cd31c67dd28591f40
ccf_v1_0419,1b40d43051d94e5040593b8a8c30c6b9b21fc118872209df62f7e139ec9c9918
ccf_v1_0420,96b7336efd824f81ca9b29ff2de37d932c0b53a2c9ccb8025eecb2bd1fa89713
ccf_v1_0421,6209d22ecc132aadff545a51b63840723d873d734b66072ab30e6f93bcd0de62
ccf_v1_0422,3233ca38e2d2b89c8a9da1a308dadb49aedfca8e2781c819900978b796632791
ccf_v1_0423,c728f8e8821c745b6853f715f51a905d647c95e6fa1cd2355d91f5daf6f674c1
ccf_v1_0424,d03d81224a7a4d7ee32a00e2c22ab6ed962601c09c937d555febd919e8b2702f
ccf_v1_0425,bd38e9e0f28d69c81defeadab5a1be2a675376051fb14f29f2a0f5bd7d7cbb8b
ccf_v1_0426,a82f630800a16f66400be7069009b6b24ce148642663cfb63194084d04e6436b
ccf_v1_0427,832c435b64035451322b7ed9c24e5a9745a5f1023da2400a62b2c37eb585c5d9
ccf_v1_0428,973a7352895984459f9cbcbac15976a0be0d4b837b967ce1d21f91685926b69c
ccf_v1_0429,9a005602e2ccf99d830f2c2e478fe415466be2bc604e7ca8bf4facb059cac84f
ccf_v1_0430,5b535052349a2d81ca01f1fecea90a5eba4d3f73a31e8ade1f8316abb2249268
ccf_v1_0431,76a4de81c82381b912b4a5993c6ab17fc295185583e9611cfdd47656310c84f6
ccf_v1_0432,8e6bde5df9504495b1e15794ffaf26aa7ad4a53b5f1edf07bd6f5c2c67251c74
ccf_v1_0433,3db4f0a2a36f7ba322247da30f65526527eaa50b2add415b12902083dfe98013
ccf_v1_0434,7749a7231556d7f5d0de48237a4c54f1c062cf892370cfa019658eb5a933409f
ccf_v1_0435,b2881e6609637fbe9354432bb00734a93a54909a5b40fdc6c1f7ca058c23ae03
ccf_v1_0436,903d95856db0516f2058e9742731a6d069a7db3937dda764b97b206e03f04a90
ccf_v1_0437,6a1625ade9cdb1ff7d87ad523243c11846a0b580b4742bc46efce433d117405d
ccf_v1_0438,7ee3747b9f2702360afa92b4a30d53a4dde3ea2867cafd0f3bee9488e6985a2c
ccf_v1_0439,cf182913b7cc3e6f04cdcf95bafafdeb67424432deb8001137d5eb4560cb0cdc
ccf_v1_0440,1df9547b0f43101b270ea490eb1971a6519befb3240c8a532d35aa834e1e2d02
ccf_v1_0441,ca082ed525dd78b032c46562ce79db1d52ebfea2ba788867078a28dfc6c5b63a
ccf_v1_0442,01c2a64210f609c13b1bec256bbdbc5a26de015e22c5a8d7e024d6c78435b263
ccf_v1_0443,1c35fce6edbad680434c533e21b618e4dcd442c4859af57e2341ee93c4b0dc10
ccf_v1_0444,623c4abfc68754d96f332719936e3b364ff34c141d81a3f5977a42719b3665b5
ccf_v1_0445,70b87ca335d3f1b0f4a1797b3b305096acba2edf41ca436458201eb0b1c5a5ac
ccf_v1_0446,63d86a00ad466767c58de7cb3fdc8bb478043daf7b2176952739b3ca1691cd0c
ccf_v1_0447,6afc8384c019b9ea98058fc0e46b2225d318fcefaac8f5973a73c2cb8445af40
ccf_v1_0448,ebc33a26dd62129c0af069777e8f1236276d30386c0636aeeae06f381d4046f5
ccf_v1_0449,02d6b72a608fc871452e0479b2445a52d757b57a9b8b7659e3eeb8d02a862a2e
ccf_v1_0450,27cdaf9bf4142e34d8300f8a40cfbe5cedf2183a55a8b46cbeea11be4861c31e
ccf_v1_0451,c1302d0f4168cc05d31710743984d67eac2c4c0542c1aa0b4ae5b69900437c10
ccf_v1_0452,d8f9cf2108252a51d2d311636a5923fd864c877ea51c33a787e5c82dfcc9e866
ccf_v1_0453,944460e74b0d85a1a94a0a604b05d683d4cb45c34e7d80f44758ef64bb94b759
ccf_v1_0454,4359b0b2ef073c4d160d2390c53d2f3f2516acb856ea71874885b5da57a46560
ccf_v1_0455,f6d98efb5fc96465587a2c832d93b4795879f39a61cee7274de3b665ac97e347
ccf_v1_0456,5646c5d77c6dcf1f2c8bc0db2c921f95133f2e0e364ff5727f6fddcbd7050c8c
ccf_v1_0457,90082cba9dbe9fe5d0797a87ebc0e78f344c96f69af0d40a0eca997cd9a43c34
ccf_v1_0458,8f40f0093707ced24c6c740c5ef21567f519e397bbe3c8895c50a89f869a1acc
ccf_v1_0459,985676b99961d1d903ee59938cf63ff0c97804545730deded01f4bc3dc268d5f
ccf_v1_0460,ed1dc1c14cf90df42186db8fffaa6953c6ab4d2916a0d0ed7816f4c708c64852
ccf_v1_0461,ff47ff74ffe28c7c4a2859a202fc1d784a2bdbeb2a6af656217c63aa4c38605e
ccf_v1_0462,5c8ce9285ac417d5a1f5b9368e229eea4f3a74c393577a1b17d8d7d90468e8b2
ccf_v1_0463,e32b132285ed70b918468ca3504ae82eb1a624e697f3c3ac908c86d5d6948096
ccf_v1_0464,0bdf115f39a7e93d7e4ecc141d4d617cd9e7cc91310d956999ec5aa52621f854
ccf_v1_0465,742181238037b7b58daa09699ff2b097aef120a02b2f5f481de3cec3e300b9ad
ccf_v1_0466,3210ed6b5e4c99a1ed2eef1fb1c039d235c274e14a60e36228a7b1c19a22e28e
ccf_v1_0467,db0bbd08b6ddcb3ca97e1c0b7c07180a831e01e2d2906b5d1d3458a57bfe0421
ccf_v1_0468,3f854f9fdcac5757808c9fd8165b35c3b77b3432284b1eab1d355c03179ccf94
ccf_v1_0469,d9e02d57c79f37c305e1bc8c5125a1ed7852da0aaedbc2e6d1dca707b31d9df2
ccf_v1_0470,e0f9a4aa15b84c13273cbf3a25706def9f20bbb8576e0387930e857887bc01e9
ccf_v1_0471,100621fd48a1a3489231ff48fe0dc19ce1552a9593dfbc74b7fc18df409c2af2
ccf_v1_0472,b5221111d41b8549850b2b2f75ccd41554fd909736315cf498a915c6d420657c
ccf_v1_0473,5e10ec6fe3a1bdf4e555f345837a1dde41adb580123deeef2fd76ca2807c53f7
ccf_v1_0474,a21e4427cc439763d81ba039bcbb011e1b282d866394640236efbbf5dfd11e23
ccf_v1_0475,f0c9974dc370bcff4a412ce1d0dde91d83b93891bf98848a30ba6a01a60d7aab
ccf_v1_0476,a77ad20cbe9f5bbe7bc3d51284f4d22279f6fe9243f72382d95f3e91720e4f02
ccf_v1_0477,3a8eaa7ad435a30144f0bd0e7ae36ce4daad8fab0f0b305d36bfff5879779335
ccf_v1_0478,07fa0099053a64fce9622e3f4716898488b275e1cbe00a47ad83e8b747d48106
ccf_v1_0479,4e6dbb242941392d6c3d893f8851fdad6d8401d15e149cd83564b9a0780f1a8f
ccf_v1_0480,16f974571deba4494b2ab9b896c8d9da1562ae08c7df365f084738ca2dcb35f6
ccf_v1_0481,bb9566e031d5b3716ba2ca845c3af2f7e801daf85421c4ab82f33ecf5e2307e3
ccf_v1_0482,07a3f443f59d6b318a594723d453ea9fbdd7a77f16b81012ee4f8cc5aaa97035
ccf_v1_0483,8cdaf5fefcf9c4c44fcf8b2b9bd2af7648ca5d5bd7f19019a8d071c608c306c2
ccf_v1_0484,055e6ff4db793350717eeb07a3efddea92cd0b0fbeabee1c0c0c3ab47c4b85e8
ccf_v1_0485,d8adbfd5e2079f110af973f1ab7d8e360523360787ca685cecebb7c1209f8bba
ccf_v1_0486,c76e0a97f4a825311bd07d7d1f5fa02aa413c84fde530f86b720ca02d39ff3ef
ccf_v1_0487,18abd2e472079cf7059a9d88aab9c9db8303351a1fb198c6fed8d91282c51cc9
ccf_v1_0488,d7bf29e7a7778c82ce42f0147e44afac4488d0b98b5d5568e8d0783e7f05a732
ccf_v1_0489,cda9f27d979debab32263f0a4f94eddbd61b31609b89cd985accd7fd8a2d6285
ccf_v1_0490,497068f93a78bdf0d2e91e002169272e828ddfa525a07555371b6d561a585385
ccf_v1_0491,04a199c650008f12d6826ccad6c784dc7c37e5dd959e5dc4661e643bf3e8c43e
ccf_v1_0492,8cbf3efa48947c33769db64806be4366a3d99b63de1996d09ae2afd14512d695
ccf_v1_0493,29b50e7907f3a9bebb3fa886d308793a663d5904eb9c2c21e8e276e733dd4ba8
ccf_v1_0494,0036f12ff332913db6439d732d7a7cf129e2cd75a8ae42fe8b263444a753cd2d
ccf_v1_0495,59d30fd9596996955202a6f09755ed8b7387da6e581a689b2b0228ae34f6c93a
ccf_v1_0496,cfaa8813bafda5bd0fec57defdc77b309ab4355281248a0607875d98e74419c0
ccf_v1_0497,99fa9c118aba58ed03aa22976994cb656bae26eea84e562cb5864ef5f309a8fa
ccf_v1_0498,3855d58213787b68ee2ada9c310b4ae32e27f251b80e52b226077c8c518703a3
ccf_v1_0499,5a571a8fea1307e61e1607ab20c0222cfa2749de89e8526f55eb5a3b2e7d29e4
ccf_v1_0500,b6195ff387463e7105e8e709368e56751430d2326a5f6b58e1200b3681463c0a
ccf_v1_0501,e74c854f72f9f952f57e22f18c31919b5979847707627b753890054589dda725
ccf_v1_0502,4670c41471e40ca519b1268f788aeb38b8e5549669912b7038c870b4e82bd122
ccf_v1_0503,db28a4fd17f99be6eaa2f19dad3aa3b1ec9d8e4b2dfbecb87955400d51c5c0b6
ccf_v1_0504,d24087cbf29154a4449d9ca66c0499c81c697d983181f0d31ead7f71027b463c
ccf_v1_0505,32e0114ce447b84781ec233b9e98196839611cf680c66a34902bc9b76d2b9694
ccf_v1_0506,1a4028aa812946fc91d092619f8b4ff2e078d98663cf622144ced76c8aeae95d
ccf_v1_0507,862ae1e0b8648865320886c7f94e247d5455a1098604e27193548d6131b40292
ccf_v1_0508,a3f735f4a199b840969003ed61a656b99f25c094268f878ecf68a806e2b084c6
ccf_v1_0509,da167b6d77d22da47d94d55ed8c89e4a663cae1db015c3271dde002668c29819
ccf_v1_0510,ee91ac8eb223df7638230ca08f22c5ed8a71b0191a5dff402cc24f6fda4a77b3
ccf_v1_0511,e0c5fd0663a609d7fd50e683054bcbce3b918c823b0cf08bfcd82cf783f42b98
ccf_v1_0512,d0c67b2f9b3288f6e45e29ea95b415fc3995b8353ccb309aa74161d2a3fddd5d
ccf_v1_0513,5959b5c35e0ce0e9edad1a746fabe3dd10399f16b50df4fc6961cc48fe3e7e0b
ccf_v1_0514,b2cf49e26f1bb1db730c13e856085b13dc543654430ad2192d11d12bdcf62ca7
ccf_v1_0515,38b4bd0d96925acec7f19287d3e60eed7ab2cdeb9b127c0e2672a1ccea741876
ccf_v1_0516,6b1ae3f0cd24ca70e89edda9fa804074534cca9d656d3a42b7bbe7181a2279c1
ccf_v1_0517,f30953eb45acdb41983af1fd32a465b8e8766558149708073ff54df14dfc771a
ccf_v1_0518,d7e58aaf1ca3e2d3b765bb51dbe69fa9ab002bd5cdc74075a195af02703d0461
ccf_v1_0519,d5b4d3a3ce7953a61a14aa3076f5994a74d650fa4bf409b9867edb4c8b3e9924
ccf_v1_0520,5249041a3bf5f43e3b90694dc02d84f41c2d14bb726f598b89b9b511d3503cd0
ccf_v1_0521,7b2b57d32cef7724f245c7c29b66beb44fca39d1ee54865b6e27d9465fdc0c8b
ccf_v1_0522,d9bf9c1a4cfc8fc0e81a2bcfe53824d0c743ce2a62a19ea4fa58b2537b8ebf96
ccf_v1_0523,435eacb4fac9a1e9e86dbb2a0f6854fe24c943db8f94423c334810971817126e
ccf_v1_0524,0dd4901e048e68eeedfe3df4e28844b44a6e98fc01d4b4d33b5e1eb0c4f23bc6
ccf_v1_0525,0a7b5d3809395e8983d550b9a0addcd5557762a910e0454c39169a3ed8bc4c95
ccf_v1_0526,b037c94582d1fba6f67bb75c8f46c69c151c98f891c9e970d58b5b10c5219d07
ccf_v1_0527,a217b38d37bbe90bfa96e75c866f3534b6fb9ad2c26af4277aa7439493a46664
ccf_v1_0528,739c17b2f82802303ce74ec70a9c96e137e6cbf2e71a086ae59ce056346b85ea
ccf_v1_0529,7258e5a6c13411f8943f839e1a87f80613aec8d9c7b84b4af676441c44e00c14
ccf_v1_0530,5aaa274cdc2220e64ca164286c34e4f576aad85b6cb862a30a1bd679349e46f4
ccf_v1_0531,6ca97b4e72d94f503914ed10194d930ce68671aaac6beaf319fb0832a1f0059b
ccf_v1_0532,80b4493b4e9d746d7bbb1f015b6e681516d351e4780b4d80dbe523b65e9b5466
ccf_v1_0533,9771cfa6c9a3faf36738b12e0cf537b45e78643678bd2eda1299f150fe1cc9a8
ccf_v1_0534,aefec21f0e6017b0a8872cabd3b52222c13c27cccda03f6f3f5c39b6de8d3dc7
ccf_v1_0535,326272fabe6d4cecfb159e7afc52d06d98b3bb0a85a10621acebb2cd320b5dba
ccf_v1_0536,408f661d488ffab67748a78a9352865024d672643b2f94fc794de9f8a270d0fe
ccf_v1_0537,4faaeaaa8925527d5bdbbb150a1b44846c721a4f9348773b4ee157316cbb40a0
ccf_v1_0538,011638c921246ac5d3ab5bb5e97dfb4b7b8538e88f0308ce4b71a95435b5818f
ccf_v1_0539,6a79982c918ccc5974b60dbabf5a54a38070bcc132e8db5eb7663d37be2687ef
ccf_v1_0540,71ca57cdc066fe0ea1519842e2a2d2bc03ce4342830dba6d470227b2d1fcb5de
ccf_v1_0541,711cb78a94fda846d38bbcbc945e3fa23d464cbca4397f317e85e4d263d382ea
ccf_v1_0542,be39b6619fbcf4a79799fecb93962017fd73c237336789fbcf2058e1fa473df5
ccf_v1_0543,f07ff5f8033af73b465fdb3f4463a2d4f027ee38ab9c84a8cb13711eb73eaaae
ccf_v1_0544,3f0b89628f4875a72b74a615501ccc832bbed160d80e12653927217919736ca9
ccf_v1_0545,9c0250a20dd6feed916ac9bdeb91b873136bc09fa1fe9cc2600f79cacbfa0b74
ccf_v1_0546,f50163c9b5dbe45c1d4373ed005779a52a78898faf7a81094cf47296d3a1f002
ccf_v1_0547,048ab7c7c6c91c881b0dbd78717b11ac7d2a2950dd1effb8b91cec5d9a0550fa
ccf_v1_0548,9a77d6434a68cf0e9907a79a39eae8522036dbeb4788cf163eb4866c630e2ce0
ccf_v1_0549,ca2a89b80a7ab3575175cc9417737267cbe8583af0b30a8c63118cff26db2b21
ccf_v1_0550,170ea8fe931dc51b462591497a00167775a2b0798822f706d7f4abbf9e806b18
ccf_v1_0551,9e839932bfc2a4ea317f2ed48fc3ff24f575148e9c70f7dbe9915680505f4b83
ccf_v1_0552,6262ff2b52f003f9331e95f8143424653fa840b5765d21b4284c88f471f492fd
ccf_v1_0553,1f1f619b84b79b71014732e8d31a9676edadc50805b6235fac68247f8879c223
ccf_v1_0554,f58fdb5f987fe8a8a012f68d0931b65a061a671641f212658377fc10bbe15b60
ccf_v1_0555,58aec35c0b8ac99a4a9ff8975e8d5a7536f73f196b2c25c1fd2d3317606d26df
ccf_v1_0556,72ee201ed94e7af2c81e6a65856537eb2112fdeabe71e8ec6e74e27b53c68d23
ccf_v1_0557,18abd7831ee16b00f3166d38792da12cc79d18bd464a9185b7d22e2b67d7d4aa
ccf_v1_0558,3c2af971bbc6d1373f3906f69d402c71a36e35f03bf95218162738bc9ca902ba
ccf_v1_0559,481c8cf5dda6fc1c36841db0404886f191f04099caf03896646bbe87507aa0b8
ccf_v1_0560,0d61ccffabf4e05a089f6e618576f2de56e8373ff1f972721151690be05768a5
ccf_v1_0561,e73e1ff23bb34376e871a6059b93adaa442a946c635613c4efc96537ca765c64
ccf_v1_0562,cf976962f912ece4ac93e9073911e7a8b4463f414cbc6680fdadde52b849e5a7
ccf_v1_0563,077582bfada75a24de5f107588fba39e889f1f17d6e8cf764823d24396554223
ccf_v1_0564,5b6c9807e4c210e6717c4f0b5d63a925ee6fa27850fce6ba5d7d0c5b7d8f94ae
ccf_v1_0565,ef12e19345b7842642f2b6ecba559e748e18b8a1daf803ed85045aea6fe3f3f4
ccf_v1_0566,6b6d1df23944127cd64ba0676b61b80c8829d53f16f2a3451c62c0c9e7698c2e
ccf_v1_0567,5dc33a78418fae4ab8fc414fe348679c23682fe182e4c582ed57bf65eef9184a
ccf_v1_0568,3a0204e7b8346f0903e9beae1437460a1b9331de3ab8dfd8895cec864e2d6d9b
ccf_v1_0569,a69dcbbb45a0d173b3d477e941cc9aeb002ede97fe0eb187d24dec1a55110729
ccf_v1_0570,6a3341fe12e1419f48702124f21417d2376e57f5dbeb7e0097616808c3c83061
ccf_v1_0571,56b1e86024289cb5c3e8b29edf7e06acfdd2d79a66891e853d5898f7dd238159
ccf_v1_0572,26d8d6175fd5ed261c862b2bce3badc52cd4ab28323621e5a627d9eb69f73304
ccf_v1_0573,c2863a4bc6f583222b3ca4d05304c9aa2235c9d157dc57c15491cf8cfb61aadd
ccf_v1_0574,5ea527579b7cef1de3450bec6abda93141fc958b7e297f883359e1b25fa84470
ccf_v1_0575,4c684da2d2eab0b7745a9b8e36b10ad901f8e4dec23f465dda96c1c28f388e73
ccf_v1_0576,c67308e19a9819dc89500a4834a96b4654fe783854a3fc6b83b3d2c8ebe633b9
ccf_v1_0577,c4ee1ab5e7aabba137718ff7d67bc447e0854fb41aad091f1ba12f85975d968d
ccf_v1_0578,97b4e106359e1461a142f6267a57f210288b8287e4256c89995b63b9ad30b177
ccf_v1_0579,e5b84f2a4fe93ea48cbef5e105644bd78aad59d37f5a141558c486b9b96eb7da
ccf_v1_0580,258e3a4e4fff3b910e9e3d32b76709f448bbb4742c13b3b3e11bd30e2ba08b09
ccf_v1_0581,4e452acf95789946397c4967ea2908339c50a464de9490671733fea48bac062b
ccf_v1_0582,0a2d0f4cf8445bb297a472e5b494bcc521e5bff2c55423b66226c84fa37a7f33
ccf_v1_0583,74ae52f387a915954d18faad1fdea57af548697ad4921abe3281035c1c446ec5
ccf_v1_0584,9afc462ff756de3ebd9c73b1fda6301e183e09f427f6f1637fef40e78cb77675
ccf_v1_0585,f291d9d8c5fe110b5dc1fa0822af668e8b00c0623a2de7d55b17ed2ed9a97532
ccf_v1_0586,c29da82adb46d9c98dcf58c964fd1ea1041ab59aec603aa309abf0bd9cb1bda7
ccf_v1_0587,7d34e446d427b520265b337e3b97e02c408cb301e17ecd85c0cfe4a6f5e70339
ccf_v1_0588,2d183b2a2f688313997cbc0bb101c07e3d6ed7c13e95b0ade607cb7eb2e09381
ccf_v1_0589,3bf66569760a0e49d8f8e727f771961ecbe0ac56f19e8ea409d073e160bf0abe
ccf_v1_0590,dcf05805b7775a7c2a0f66c72b1b67d667309924f1a12d0b61462492413c1448
ccf_v1_0591,47c9b8e4007583e9c570d4941f9bc789b3ee5bd029b575ac3b5952b9a156872e
ccf_v1_0592,bde317b8a0c91d666a4b4f64c5fa54add77efb13971a785330f82b54572ffee7
ccf_v1_0593,29d49b6136838a0f24f97abe86d966b40382cd5d920967ceeca90f06f7d0e6af
ccf_v1_0594,bcf3b7c6f213aef6a30bddff83f3af1f9f9fa621f8a8de444ff9c6ba009676d1
ccf_v1_0595,66895fe44ac153be6155939d88c526ebcd4bc3a7d4b70f54c9c204418abf23e5
ccf_v1_0596,955c1b1494abd1b73ceb60c995e212f5beaef8d003166da42cc271ee0883fa55
ccf_v1_0597,144c91275355e2b0f28819e2e0e2705f14d560a4d67022438e4e4bc322746073
ccf_v1_0598,5ef7d2897f5784efba909bf922a2e2ea75e917096b357179d2e7ee49563383eb
ccf_v1_0599,960e3a1d12b0d975261f0b772dbfa5d0b917a9bc33db9b0f42a64ce693cdb60c
ccf_v1_0600,8e15087706d0c0f0e4a1e9954b446093f8f9214a547783b50981aa5092119035
ccf_v1_0601,86a3bbaa97000d1155d499e1b42b468e1c6cc11b9722d019ef7a1a9612a2c618
ccf_v1_0602,5bb620a9834700437106efd4442a823ffe2f236103403982fc3261b423694f90
ccf_v1_0603,0e08d96a32ed52bffadc6dda4db87b939e03f48a372ee5d4bdba79d4a4aed217
